,Loss Function,clean Error,epoch,lr-SGD,method,pretrained,ratio,step,test_acc_brightness_1,test_acc_brightness_2,test_acc_brightness_3,test_acc_brightness_4,test_acc_brightness_5,test_acc_clean,test_acc_contrast_1,test_acc_contrast_2,test_acc_contrast_3,test_acc_contrast_4,test_acc_contrast_5,test_acc_defocus_blur_1,test_acc_defocus_blur_2,test_acc_defocus_blur_3,test_acc_defocus_blur_4,test_acc_defocus_blur_5,test_acc_elastic_transform_1,test_acc_elastic_transform_2,test_acc_elastic_transform_3,test_acc_elastic_transform_4,test_acc_elastic_transform_5,test_acc_fog_1,test_acc_fog_2,test_acc_fog_3,test_acc_fog_4,test_acc_fog_5,test_acc_frost_1,test_acc_frost_2,test_acc_frost_3,test_acc_frost_4,test_acc_frost_5,test_acc_gaussian_blur_1,test_acc_gaussian_blur_2,test_acc_gaussian_blur_3,test_acc_gaussian_blur_4,test_acc_gaussian_blur_5,test_acc_gaussian_noise_1,test_acc_gaussian_noise_2,test_acc_gaussian_noise_3,test_acc_gaussian_noise_4,test_acc_gaussian_noise_5,test_acc_glass_blur_1,test_acc_glass_blur_2,test_acc_glass_blur_3,test_acc_glass_blur_4,test_acc_glass_blur_5,test_acc_impulse_noise_1,test_acc_impulse_noise_2,test_acc_impulse_noise_3,test_acc_impulse_noise_4,test_acc_impulse_noise_5,test_acc_jpeg_compression_1,test_acc_jpeg_compression_2,test_acc_jpeg_compression_3,test_acc_jpeg_compression_4,test_acc_jpeg_compression_5,test_acc_motion_blur_1,test_acc_motion_blur_2,test_acc_motion_blur_3,test_acc_motion_blur_4,test_acc_motion_blur_5,test_acc_pixelate_1,test_acc_pixelate_2,test_acc_pixelate_3,test_acc_pixelate_4,test_acc_pixelate_5,test_acc_saturate_1,test_acc_saturate_2,test_acc_saturate_3,test_acc_saturate_4,test_acc_saturate_5,test_acc_shot_noise_1,test_acc_shot_noise_2,test_acc_shot_noise_3,test_acc_shot_noise_4,test_acc_shot_noise_5,test_acc_snow_1,test_acc_snow_2,test_acc_snow_3,test_acc_snow_4,test_acc_snow_5,test_acc_spatter_1,test_acc_spatter_2,test_acc_spatter_3,test_acc_spatter_4,test_acc_spatter_5,test_acc_speckle_noise_1,test_acc_speckle_noise_2,test_acc_speckle_noise_3,test_acc_speckle_noise_4,test_acc_speckle_noise_5,test_acc_zoom_blur_1,test_acc_zoom_blur_2,test_acc_zoom_blur_3,test_acc_zoom_blur_4,test_acc_zoom_blur_5,test_mCE,train_acc,train_augmix_loss,train_kl_loss,train_loss,val_acc,val_loss
150,AugmixLoss,0.3090999722480774,49.0,,global_weight,standard,2.0,19550,0.6888999938964844,0.6823999881744385,0.6669999957084656,0.6452999711036682,0.5845999717712402,0.6909000277519226,0.6783999800682068,0.6144000291824341,0.5548999905586243,0.4629000127315521,0.20900000631809235,0.6877999901771545,0.675000011920929,0.6510999798774719,0.5971999764442444,0.5037000179290771,0.6212999820709229,0.6284000277519226,0.6100000143051147,0.5295000076293945,0.4420000016689301,0.6816999912261963,0.6466000080108643,0.6015999913215637,0.5358999967575073,0.3443000018596649,0.6236000061035156,0.5509999990463257,0.4449000060558319,0.4359999895095825,0.3449999988079071,0.6876999735832214,0.6499999761581421,0.6051999926567078,0.5559999942779541,0.438400000333786,0.534500002861023,0.4113999903202057,0.3161999881267548,0.2732000052928925,0.2329999953508377,0.3203000128269196,0.3319999873638153,0.3433000147342682,0.2480999976396561,0.2556999921798706,0.6489999890327454,0.5891000032424927,0.522599995136261,0.37049999833107,0.2449000030755997,0.5845999717712402,0.5349000096321106,0.5103999972343445,0.4882999956607818,0.4636000096797943,0.6359999775886536,0.5841000080108643,0.5169000029563904,0.5184000134468079,0.4442000091075897,0.6510000228881836,0.5656999945640564,0.499099999666214,0.29670000076293945,0.15610000491142273,0.5685999989509583,0.4885999858379364,0.6662999987602234,0.5978000164031982,0.5221999883651733,0.600600004196167,0.5322999954223633,0.39800000190734863,0.3555000126361847,0.2815000116825104,0.6456999778747559,0.5202999711036682,0.5360999703407288,0.4964999854564667,0.4330999851226807,0.6739000082015991,0.6399999856948853,0.5737000107765198,0.6288999915122986,0.5690000057220459,0.6090999841690063,0.5144000053405762,0.4735000133514404,0.3846000134944916,0.3147000074386597,0.6261000037193298,0.6225000023841858,0.5968999862670898,0.5645999908447266,0.5127999782562256,0.4850178956985474,,,,,,
150,AugmixLoss,0.2954000234603882,49.0,,global_weight,augmix,2.0,19550,0.7023000121116638,0.6923999786376953,0.6794000267982483,0.6625000238418579,0.6049000024795532,0.7045999765396118,0.6935999989509583,0.6449000239372253,0.5997999906539917,0.522599995136261,0.2678999900817871,0.7044000029563904,0.6883999705314636,0.6676999926567078,0.6225000023841858,0.535099983215332,0.6298999786376953,0.6453999876976013,0.6222000122070312,0.5376999974250793,0.4515999853610992,0.6945000290870667,0.6635000109672546,0.608299970626831,0.5439000129699707,0.3407000005245209,0.6409000158309937,0.5813999772071838,0.48539999127388,0.4740000069141388,0.38609999418258667,0.7037000060081482,0.6661999821662903,0.6305000185966492,0.5871999859809875,0.4812000095844269,0.5622000098228455,0.4541999995708466,0.3562000095844269,0.3095000088214874,0.2770000100135803,0.3479999899864197,0.3564000129699707,0.3702000081539154,0.26339998841285706,0.2712999880313873,0.6629999876022339,0.6130999922752379,0.5496000051498413,0.414900004863739,0.2851000130176544,0.6021000146865845,0.5493000149726868,0.53329998254776,0.5152999758720398,0.4889999926090241,0.6563000082969666,0.5968999862670898,0.5309000015258789,0.535099983215332,0.4666000008583069,0.6711999773979187,0.6011000275611877,0.5453000068664551,0.3589000105857849,0.19290000200271606,0.5788000226020813,0.5008000135421753,0.6766999959945679,0.6014999747276306,0.5403000116348267,0.6273000240325928,0.5648999810218811,0.4467000067234039,0.3995999991893768,0.3248000144958496,0.6559000015258789,0.5411000251770021,0.5523999929428101,0.5149999856948853,0.4623999893665314,0.682699978351593,0.6557999849319458,0.5916000008583069,0.6474999785423279,0.5929999947547913,0.6373000144958496,0.5551000237464905,0.5102999806404114,0.4334000051021576,0.3594000041484833,0.6456999778747559,0.6406000256538391,0.6151999831199646,0.5914000272750854,0.5411999821662903,0.4601116180419922,,,,,,
150,AugmixLoss,0.33389997482299794,49.0,,global_weight,standard,4.0,19550,0.6624000072479248,0.6565999984741211,0.6388000249862671,0.6173999905586243,0.5570999979972839,0.6661000251770021,0.6491000056266785,0.5784000158309937,0.5234000086784363,0.42910000681877136,0.19120000302791595,0.6654000282287598,0.6499000191688538,0.6197999715805054,0.5666999816894531,0.4758000075817108,0.5935999751091003,0.6007000207901001,0.5792999863624573,0.5073999762535095,0.42680001258850103,0.6554999947547913,0.6111000180244446,0.5687000155448914,0.4977000057697296,0.3082999885082245,0.5932999849319458,0.5256000161170961,0.4199000000953674,0.4036999940872192,0.3242000043392181,0.6653000116348267,0.6158999800682068,0.5705000162124634,0.5224999785423279,0.4140999913215637,0.4973999857902527,0.37299999594688416,0.2773999869823456,0.2391999959945679,0.20880000293254847,0.3077000081539154,0.31949999928474426,0.328900009393692,0.239999994635582,0.2436999976634979,0.6244999766349792,0.5625,0.4943000078201294,0.35420000553131104,0.2432000041007996,0.5634999871253967,0.5177000164985657,0.4948999881744385,0.4699999988079071,0.4489000141620636,0.6164000034332275,0.5576000213623047,0.4914000034332275,0.487500011920929,0.4199000000953674,0.6273000240325928,0.5430999994277954,0.4753000140190125,0.2734000086784363,0.1476999968290329,0.5368999838829039,0.4584000110626221,0.6395999789237976,0.5734999775886536,0.5013999938964844,0.5733000040054321,0.4954000115394592,0.36149999499320973,0.305400013923645,0.2395000010728836,0.6140999794006348,0.496399998664856,0.5123000144958496,0.4742999970912933,0.4056000113487244,0.6513000130653381,0.6208999752998352,0.5590000152587891,0.6096000075340271,0.5471000075340271,0.5751000046730042,0.4674000144004822,0.42680001258850103,0.33889999985694885,0.27169999480247503,0.5993000268936157,0.5954999923706055,0.5697000026702881,0.544700026512146,0.4943999946117401,0.5116515755653381,,,,,,
150,AugmixLoss,0.3184000253677368,49.0,,global_weight,augmix,4.0,19550,0.6801999807357788,0.6704000234603882,0.6563000082969666,0.6370999813079834,0.5831999778747559,0.6815999746322632,0.6680999994277954,0.6222000122070312,0.5745999813079834,0.4907999932765961,0.2305999994277954,0.6797000169754028,0.6696000099182129,0.6464999914169312,0.5983999967575073,0.5063999891281128,0.6151000261306763,0.6258000135421753,0.6007999777793884,0.522599995136261,0.4329000115394592,0.6730999946594238,0.6347000002861023,0.5910999774932861,0.5188999772071838,0.3260999917984009,0.616100013256073,0.5522999763488771,0.4555000066757202,0.44040000438690186,0.3569000065326691,0.6801999807357788,0.6452000141143799,0.6068999767303467,0.5618000030517578,0.44780001044273376,0.5353999733924866,0.4111000001430512,0.3181999921798706,0.27889999747276306,0.24240000545978546,0.3283999860286713,0.3348999917507172,0.3531000018119812,0.2549000084400177,0.2671999931335449,0.6406000256538391,0.5863000154495239,0.5231999754905701,0.3835999965667725,0.24560000002384186,0.5791000127792358,0.5315999984741211,0.5206999778747559,0.4921000003814697,0.4686999917030335,0.6334999799728394,0.5774999856948853,0.5080000162124634,0.5151000022888184,0.4420999884605408,0.6435999870300293,0.579200029373169,0.5188000202178955,0.3253999948501587,0.16120000183582306,0.5519000291824341,0.4731999933719635,0.6534000039100647,0.5789999961853027,0.5031999945640564,0.5979999899864197,0.5302000045776367,0.4065999984741211,0.35179999470710754,0.2822999954223633,0.6319000124931335,0.5098999738693237,0.5317000150680542,0.4916999936103821,0.4348999857902527,0.6661999821662903,0.6328999996185303,0.5758000016212463,0.6287000179290771,0.5821999907493591,0.6068999767303467,0.5175999999046326,0.4727999866008759,0.3910999894142151,0.3231000006198883,0.623199999332428,0.6176000237464905,0.5934000015258789,0.5659000277519226,0.5169000029563904,0.4856557846069336,,,,,,
150,AugmixLoss,0.38450002670288086,49.0,,global_weight,standard,8.0,19550,0.6136000156402588,0.6068000197410583,0.5906999707221985,0.5692999958992004,0.5070000290870667,0.6154999732971191,0.5982000231742859,0.5242999792098999,0.4620000123977661,0.3727999925613403,0.1582999974489212,0.6118999719619751,0.5956000089645386,0.5667999982833862,0.5227000117301941,0.4352000057697296,0.5442000031471252,0.5533999800682068,0.5343999862670898,0.4641999900341034,0.3889000117778778,0.6044999957084656,0.5593000054359436,0.5167000293731691,0.4465999901294708,0.2728999853134155,0.5515999794006348,0.4797999858856201,0.37709999084472656,0.3664999902248383,0.2858000099658966,0.6121000051498413,0.565500020980835,0.5238999724388123,0.4767999947071075,0.3763000071048737,0.4451000094413757,0.319599986076355,0.2362000048160553,0.20090000331401825,0.17739999294281006,0.2757000029087067,0.2836999893188477,0.29330000281333923,0.2216999977827072,0.2257999926805496,0.5794000029563904,0.5173000097274779,0.4442000091075897,0.2976999878883362,0.1882999986410141,0.5263000130653381,0.488400012254715,0.4706999957561493,0.4532000124454498,0.4293000102043152,0.5645999908447266,0.5108000040054321,0.4451999962329865,0.4456000030040741,0.3799000084400177,0.5663999915122986,0.4708000123500824,0.4142999947071075,0.21960000693798065,0.11569999903440475,0.4866000115871429,0.4212999939918518,0.5856999754905701,0.5157999992370605,0.444599986076355,0.513700008392334,0.4433999955654144,0.3124000132083893,0.2639999985694885,0.20600000023841855,0.5723000168800354,0.44600000977516174,0.4645000100135803,0.423799991607666,0.3630000054836273,0.5990999937057495,0.5730999708175659,0.5123000144958496,0.5580000281333923,0.4948000013828278,0.5223000049591064,0.4230000078678131,0.3709999918937683,0.2944000065326691,0.2335000038146973,0.551800012588501,0.544700026512146,0.5167999863624573,0.4939999878406525,0.4462999999523163,0.5574631690979004,,,,,,
150,AugmixLoss,0.37529999017715454,49.0,,global_weight,augmix,8.0,19550,0.6226999759674072,0.6140999794006348,0.600600004196167,0.58160001039505,0.527400016784668,0.6247000098228455,0.6126000285148621,0.5515000224113464,0.5011000037193298,0.4189000129699707,0.19140000641345975,0.6205999851226807,0.6105999946594238,0.5853999853134155,0.5408999919891357,0.45010000467300415,0.5622000098228455,0.5690000057220459,0.5486999750137329,0.4787999987602234,0.4081000089645386,0.6123999953269958,0.578000009059906,0.5289000272750854,0.46189999580383295,0.2867999970912933,0.5600000023841858,0.4921000003814697,0.3946999907493591,0.3855000138282776,0.3000999987125397,0.6204000115394592,0.5856999754905701,0.5461000204086304,0.4981000125408173,0.3968999981880188,0.4783999919891357,0.3641999959945679,0.274399995803833,0.2387000024318695,0.21289999783039093,0.2879000008106232,0.30309998989105225,0.3188000023365021,0.2299000024795532,0.23899999260902405,0.589900016784668,0.5383999943733215,0.4826000034809113,0.3574999868869781,0.24379999935626984,0.5343000292778015,0.4884999990463257,0.4754999876022339,0.44859999418258667,0.4293000102043152,0.5759999752044678,0.5278999805450441,0.4634999930858612,0.4616999924182892,0.3970000147819519,0.5856999754905701,0.5049999952316284,0.4456999897956848,0.26280000805854803,0.13910000026226044,0.4821999967098236,0.41260001063346863,0.5939000248908997,0.5169000029563904,0.4469999969005585,0.5432000160217285,0.4805000126361847,0.35839998722076416,0.31769999861717224,0.2556999921798706,0.57669997215271,0.453000009059906,0.4812999963760376,0.43810001015663147,0.3828000128269196,0.607699990272522,0.5803999900817871,0.5162000060081482,0.5764999985694885,0.5230000019073486,0.5483000278472899,0.4683000147342682,0.4241000115871429,0.3497999906539917,0.2842999994754791,0.5680999755859375,0.5623000264167786,0.5394999980926514,0.512499988079071,0.4711999893188477,0.5366715788841248,,,,,,
150,AugmixLoss,0.49049997329711914,49.0,,global_weight,standard,16.0,19550,0.5077000260353088,0.4993000030517578,0.4830000102519989,0.4611000120639801,0.4097999930381775,0.5095000267028809,0.4889999926090241,0.415800005197525,0.35769999027252203,0.2721999883651733,0.10490000247955322,0.5063999891281128,0.4900000095367432,0.4584999978542328,0.4214999973773956,0.34040001034736633,0.4433000087738037,0.4490000009536743,0.4359000027179718,0.3844999969005585,0.3285000026226044,0.4943999946117401,0.4438999891281128,0.3971999883651733,0.3287000060081482,0.1907999962568283,0.4388999938964844,0.3768999874591827,0.29490000009536743,0.2858999967575073,0.22609999775886536,0.5063999891281128,0.4573000073432922,0.4180000126361847,0.37299999594688416,0.2922999858856201,0.35519999265670776,0.25600001215934753,0.1873999983072281,0.15929999947547913,0.13840000331401825,0.21860000491142276,0.2345000058412552,0.2440000027418137,0.1777999997138977,0.18490000069141388,0.4783999919891357,0.4255000054836273,0.367000013589859,0.2515000104904175,0.17229999601840973,0.4415000081062317,0.4135000109672545,0.401199996471405,0.38569998741149897,0.37049999833107,0.4638000130653381,0.4122999906539917,0.3637000024318695,0.3648999929428101,0.308899998664856,0.4702000021934509,0.3851999938488007,0.3181999921798706,0.17080000042915344,0.09939999878406523,0.3788999915122986,0.3271999955177307,0.4814000129699707,0.4032999873161316,0.3377000093460083,0.414900004863739,0.3528999984264374,0.240899994969368,0.2034000009298325,0.16060000658035278,0.4625000059604645,0.3535999953746796,0.3625999987125397,0.33869999647140503,0.2802000045776367,0.5019999742507935,0.4767999947071075,0.4137000143527985,0.4731000065803528,0.4226000010967255,0.42080000042915344,0.3319000005722046,0.2892000079154968,0.22020000219345093,0.17260000109672546,0.4476999938488007,0.4343000054359436,0.4117000102996826,0.388700008392334,0.35580000281333923,0.6435400247573853,,,,,,
150,AugmixLoss,0.47140002250671387,49.0,,global_weight,augmix,16.0,19550,0.5278999805450441,0.5199999809265137,0.5056999921798706,0.4824999868869782,0.4260999858379364,0.5285999774932861,0.5151000022888184,0.441100001335144,0.3880999982357025,0.3066000044345856,0.1272999942302704,0.5246000289916992,0.5108000040054321,0.480100005865097,0.4399000108242035,0.35740000009536743,0.4654000103473663,0.4729999899864197,0.448500007390976,0.39230000972747797,0.329800009727478,0.5184000134468079,0.47560000419616705,0.4223000109195709,0.3528999984264374,0.19580000638961792,0.4562999904155731,0.38940000534057617,0.3052000105381012,0.29249998927116394,0.21950000524520874,0.5246000289916992,0.477400004863739,0.4332999885082245,0.3946999907493591,0.3075999915599823,0.3718000054359436,0.2615000009536743,0.19179999828338626,0.1655000001192093,0.14890000224113464,0.20679999887943268,0.2214999943971634,0.23149999976158145,0.16850000619888306,0.17800000309944153,0.5049999952316284,0.4584999978542328,0.4065000116825104,0.2994000017642975,0.2062000036239624,0.4566000103950501,0.4242999851703644,0.4158999919891357,0.4034000039100647,0.3837999999523163,0.4794000089168549,0.4244000017642975,0.3580000102519989,0.3630999922752381,0.3068000078201294,0.4934000074863434,0.4237000048160553,0.3662999868392944,0.2037000060081482,0.10890000313520433,0.3934000134468079,0.3411000072956085,0.4936999976634979,0.4214999973773956,0.3544000089168549,0.4305000007152557,0.3693000078201294,0.2583000063896179,0.2207999974489212,0.17880000174045566,0.4794000089168549,0.35839998722076416,0.3783000111579895,0.34369999170303345,0.28690001368522644,0.5202999711036682,0.4968000054359436,0.4415000081062317,0.4853000044822693,0.4372999966144562,0.4449000060558319,0.35830000042915344,0.3215999901294708,0.25769999623298645,0.2035000026226044,0.4684000015258789,0.4632999897003174,0.4379999935626984,0.4160999953746796,0.3779999911785126,0.6263126134872437,,,,,,
150,AugmixLoss,0.7811000049114227,49.0,,global_weight,standard,32.0,19550,0.21220000088214874,0.20360000431537628,0.1875,0.16660000383853912,0.13359999656677246,0.21889999508857727,0.18850000202655792,0.12489999830722807,0.09290000051259996,0.0674000009894371,0.03559999912977218,0.21150000393390656,0.19480000436306,0.17159999907016754,0.148499995470047,0.1080000028014183,0.18369999527931213,0.18119999766349792,0.1694999933242798,0.15600000321865082,0.14730000495910645,0.19779999554157254,0.14589999616146088,0.10660000145435332,0.07360000163316728,0.035500001162290566,0.16660000383853912,0.1363999992609024,0.09889999777078627,0.098300002515316,0.07660000026226044,0.2108000069856644,0.17000000178813934,0.1459999978542328,0.125,0.09179999679327012,0.12549999356269834,0.09040000289678574,0.06729999929666519,0.0584000013768673,0.05510000139474869,0.12150000035762787,0.12680000066757202,0.13199999928474426,0.11270000040531157,0.11559999734163286,0.192100003361702,0.1559000015258789,0.11909999698400495,0.07450000196695328,0.05559999868273735,0.19779999554157254,0.19099999964237213,0.19099999964237213,0.18549999594688416,0.1852000057697296,0.1784999966621399,0.1437000036239624,0.11389999836683272,0.11389999836683272,0.0948999971151352,0.21320000290870667,0.2044000029563904,0.19830000400543213,0.17520000040531158,0.1430000066757202,0.12460000067949295,0.10159999877214433,0.19280000030994413,0.14429999887943268,0.10679999738931656,0.1550000011920929,0.12319999933242798,0.08569999784231186,0.07689999788999557,0.06340000033378601,0.19439999759197235,0.14380000531673431,0.15080000460147858,0.13009999692440033,0.10450000315904616,0.211899995803833,0.19629999995231628,0.16339999437332153,0.2054000049829483,0.1776999980211258,0.1589999943971634,0.12049999833106995,0.1046999990940094,0.07880000025033951,0.06610000133514404,0.1746000051498413,0.16329999268054962,0.1509000062942505,0.14110000431537628,0.12479999661445618,0.8607041835784912,,,,,,
150,AugmixLoss,0.7712000012397766,49.0,,global_weight,augmix,32.0,19550,0.22339999675750727,0.20890000462532046,0.19380000233650208,0.1761000007390976,0.13689999282360074,0.2287999987602234,0.2005999982357025,0.1266999989748001,0.094200000166893,0.06430000066757202,0.03180000185966492,0.22609999775886536,0.20919999480247495,0.18639999628067014,0.1671999990940094,0.125,0.1897999942302704,0.19359999895095825,0.18050000071525574,0.17139999568462372,0.1607999950647354,0.2117000073194504,0.16249999403953552,0.1200999990105629,0.08720000088214874,0.049699999392032616,0.1808999925851822,0.14509999752044678,0.11569999903440475,0.11010000109672546,0.09059999883174896,0.22599999606609344,0.18490000069141388,0.16200000047683716,0.14069999754428866,0.10620000213384627,0.163100004196167,0.12520000338554382,0.09600000083446504,0.09000000357627869,0.07800000160932541,0.14309999346733093,0.14839999377727509,0.149399995803833,0.1264999955892563,0.13130000233650208,0.20280000567436215,0.1670999974012375,0.13120000064373016,0.09109999984502792,0.06589999794960022,0.21140000224113464,0.20149999856948853,0.2004999965429306,0.19900000095367432,0.1949000060558319,0.18860000371932986,0.16089999675750732,0.1339000016450882,0.13220000267028809,0.10899999737739564,0.22599999606609344,0.2158000022172928,0.2094999998807907,0.14980000257492065,0.16529999673366547,0.14640000462532046,0.1242000013589859,0.20419999957084656,0.15369999408721924,0.121799997985363,0.18539999425411224,0.1591999977827072,0.11749999970197678,0.10520000010728836,0.08100000023841858,0.19740000367164606,0.14270000159740448,0.1462000012397766,0.13089999556541446,0.10639999806880952,0.2223999947309494,0.19769999384880066,0.16249999403953552,0.19380000233650208,0.15790000557899475,0.1915999948978424,0.15230000019073486,0.13439999520778656,0.10360000282526016,0.08309999853372574,0.1890999972820282,0.17880000174045566,0.164000004529953,0.15360000729560852,0.13819999992847445,0.8472347259521484,,,,,,
150,StandardLoss,0.3205999732017517,49.0,,global_weight,standard,2.0,19550,0.6764000058174133,0.6679999828338623,0.6510999798774719,0.6274999976158142,0.5554999709129333,0.6794000267982483,0.6615999937057495,0.5694000124931335,0.4839999973773956,0.3553000092506409,0.1256999969482422,0.6762999892234802,0.6363999843597412,0.5512999892234802,0.4523000121116638,0.3003999888896942,0.5758000016212463,0.5787000060081482,0.5264999866485596,0.4603999853134155,0.4027999937534332,0.6687999963760376,0.6255999803543091,0.5766000151634216,0.5073000192642212,0.30300000309944153,0.5627999901771545,0.4675999879837036,0.35109999775886536,0.34130001068115234,0.24950000643730166,0.6765999794006348,0.5485000014305115,0.4327000081539154,0.3343999981880188,0.2190999984741211,0.3287000060081482,0.1807000041007996,0.11060000211000444,0.0869000032544136,0.07479999959468843,0.20309999585151672,0.211899995803833,0.2334000021219253,0.15780000388622284,0.18449999392032626,0.4745000004768372,0.2842000126838684,0.17430000007152555,0.07999999821186066,0.05090000107884407,0.5192999839782715,0.4510000050067902,0.4250999987125397,0.3914999961853027,0.36430001258850103,0.5842000246047974,0.4986999928951264,0.4242999851703644,0.4262000024318695,0.3528999984264374,0.6261000037193298,0.5194000005722046,0.4568000137805938,0.2662999927997589,0.13920000195503235,0.5504999756813049,0.4663999974727631,0.6567999720573425,0.5613999962806702,0.4600000083446503,0.4372999966144562,0.3172000050544739,0.15929999947547913,0.121799997985363,0.0860000029206276,0.5770999789237976,0.4151000082492829,0.4634999930858612,0.4300999939441681,0.3686000108718872,0.6365000009536743,0.5551000237464905,0.4778000116348266,0.5364999771118164,0.3975000083446503,0.4487000107765198,0.27619999647140503,0.21369999647140506,0.1362999975681305,0.09520000219345093,0.5511999726295471,0.5212000012397766,0.4605000019073486,0.4115000069141388,0.35260000824928284,0.5913316011428833,,,,,,
150,StandardLoss,0.33079999685287476,49.0,,global_weight,standard,4.0,19550,0.6661000251770021,0.6549000144004822,0.6315000057220459,0.6090999841690063,0.5394999980926514,0.6692000031471252,0.6427000164985657,0.5412999987602234,0.4548999965190888,0.3379000127315521,0.1243000030517578,0.663100004196167,0.6150000095367432,0.5266000032424927,0.43549999594688416,0.2991000115871429,0.5590000152587891,0.5648999810218811,0.5041999816894531,0.4474000036716461,0.3944000005722046,0.656499981880188,0.6040999889373779,0.5552999973297119,0.4828999936580658,0.27880001068115234,0.5376999974250793,0.44589999318122864,0.3325999975204468,0.3125,0.23080000281333926,0.6639999747276306,0.5250999927520752,0.4180000126361847,0.3287000060081482,0.22380000352859494,0.30149999260902405,0.15960000455379486,0.09440000355243684,0.07689999788999557,0.06629999727010727,0.19439999759197235,0.2084999978542328,0.23240000009536746,0.15600000321865082,0.181999996304512,0.4666999876499176,0.2764999866485596,0.16820000112056732,0.07410000264644623,0.046999998390674584,0.5006999969482422,0.4379000067710877,0.4154999852180481,0.3865999877452849,0.36059999465942383,0.5672000050544739,0.4772000014781952,0.4063999950885773,0.40860000252723694,0.34220001101493835,0.6158000230789185,0.5069000124931335,0.4388000071048737,0.2493000030517578,0.13439999520778656,0.5411000251770021,0.44780001044273376,0.6398000121116638,0.5425000190734863,0.4449999928474426,0.4072999954223633,0.288100004196167,0.1404000073671341,0.10890000313520433,0.07400000095367433,0.5687999725341797,0.3987999856472016,0.4533999860286713,0.4287999868392944,0.3522000014781952,0.6241999864578247,0.5479000210762024,0.4652999937534332,0.5238000154495239,0.3930999934673309,0.4230000078678131,0.2533000111579895,0.19380000233650208,0.1225000023841858,0.08649999648332596,0.5338000059127808,0.4991999864578247,0.4449999928474426,0.4034999907016754,0.3429999947547913,0.6057316064834595,,,,,,
150,StandardLoss,0.3758999705314636,49.0,,global_weight,standard,8.0,19550,0.6227999925613403,0.6110000014305115,0.5928000211715698,0.5644999742507935,0.5020999908447266,0.6241000294685364,0.5949000120162964,0.4846000075340271,0.39660000801086426,0.2800000011920929,0.10279999673366548,0.6187999844551086,0.5734000205993652,0.4882999956607818,0.4101000130176544,0.2939000129699707,0.5228999853134155,0.5198000073432922,0.4726000130176544,0.4124999940395355,0.3781999945640564,0.6060000061988831,0.5533999800682068,0.5013999938964844,0.4266000092029572,0.2389000058174133,0.4939999878406525,0.4005999863147736,0.2838999927043915,0.2687000036239624,0.186599999666214,0.6186000108718872,0.4875999987125397,0.396699994802475,0.322299987077713,0.21649999916553495,0.23739999532699585,0.1266999989748001,0.08479999750852585,0.07020000368356705,0.06449999660253525,0.16169999539852142,0.17599999904632568,0.20200000703334808,0.13459999859333038,0.1517000049352646,0.4334999918937683,0.2545999884605408,0.15780000388622284,0.07760000228881836,0.04919999837875366,0.4878999888896942,0.4327999949455261,0.41130000352859497,0.3847000002861023,0.3585000038146973,0.5264999866485596,0.4388999938964844,0.3700000047683716,0.3725999891757965,0.310699999332428,0.5533000230789185,0.4318000078201294,0.35760000348091125,0.1907999962568283,0.11190000176429747,0.4898999929428101,0.4140999913215637,0.5968000292778015,0.5016000270843506,0.4137000143527985,0.352400004863739,0.2356999963521957,0.11469999700784685,0.09369999915361404,0.0763000026345253,0.5349000096321106,0.3467000126838684,0.4162000119686127,0.3944999873638153,0.3179000020027161,0.586899995803833,0.5156000256538391,0.4332999885082245,0.4957999885082245,0.3716999888420105,0.36480000615119934,0.211899995803833,0.16940000653266907,0.11219999939203262,0.08649999648332596,0.4955999851226807,0.4621999859809876,0.4194999933242798,0.3822999894618988,0.3327000141143799,0.6388894319534302,,,,,,
150,StandardLoss,0.46700000762939453,49.0,,global_weight,standard,16.0,19550,0.5317000150680542,0.5182999968528748,0.5041999816894531,0.4754999876022339,0.4158999919891357,0.5329999923706055,0.5019999742507935,0.38569998741149897,0.304500013589859,0.20280000567436215,0.06109999865293503,0.5278000235557556,0.4792999923229218,0.3953999876976013,0.3253999948501587,0.23149999976158145,0.4366999864578247,0.4266000092029572,0.37940001487731934,0.3501999974250793,0.3228999972343445,0.5182999968528748,0.4587999880313873,0.4036000072956085,0.33000001311302185,0.16990000009536746,0.4032999873161316,0.32089999318122864,0.22370000183582306,0.20970000326633453,0.14350000023841858,0.527999997138977,0.39230000972747797,0.3091999888420105,0.25209999084472656,0.17880000174045566,0.1879999935626984,0.1006999984383583,0.07119999825954437,0.06109999865293503,0.05490000173449516,0.13189999759197235,0.14970000088214874,0.16300000250339508,0.11659999936819075,0.12839999794960022,0.4054999947547913,0.2432000041007996,0.15569999814033508,0.07500000298023224,0.045499999076128006,0.4180999994277954,0.3758000135421753,0.362199991941452,0.3425000011920929,0.3215000033378601,0.4388999938964844,0.3639000058174133,0.30709999799728394,0.3046000003814697,0.2565000057220459,0.4684000015258789,0.3319999873638153,0.259799987077713,0.13130000233650208,0.08420000225305557,0.3984000086784363,0.3434999883174896,0.4988000094890594,0.4111000001430512,0.3312000036239624,0.27160000801086426,0.17910000681877136,0.09130000323057176,0.07639999687671661,0.0649000033736229,0.4451999962329865,0.2782000005245209,0.3327000141143799,0.3095000088214874,0.2398999929428101,0.5083000063896179,0.4442000091075897,0.3664000034332275,0.4284000098705292,0.3346000015735626,0.2883000075817108,0.16419999301433566,0.12870000302791595,0.08950000256299973,0.0681999996304512,0.3926999866962433,0.3625999987125397,0.32350000739097595,0.29420000314712524,0.2581000030040741,0.703158974647522,,,,,,
150,StandardLoss,0.7665999978780746,49.0,,global_weight,standard,32.0,19550,0.22769999504089355,0.21639999747276306,0.19990000128746035,0.181999996304512,0.1436000019311905,0.2334000021219253,0.1907999962568283,0.10909999907016754,0.08060000091791153,0.05319999903440476,0.02800000086426735,0.22179999947547915,0.1809999942779541,0.1315000057220459,0.10300000011920928,0.06949999928474426,0.17479999363422394,0.16619999706745148,0.14270000159740448,0.1453000009059906,0.156700000166893,0.2034000009298325,0.14669999480247498,0.1094999983906746,0.07940000295639038,0.041200000792741776,0.15410000085830688,0.11320000141859055,0.08070000261068344,0.07739999890327454,0.05510000139474869,0.2213000059127808,0.12919999659061432,0.09640000015497208,0.07699999958276749,0.06010000035166741,0.0803999975323677,0.04280000180006027,0.028699999675154686,0.02580000087618828,0.02459999918937683,0.07339999824762344,0.08259999752044678,0.09759999811649324,0.06809999793767929,0.08609999716281891,0.12280000001192093,0.06530000269412994,0.04749999940395355,0.0357000008225441,0.03099999949336052,0.2011999934911728,0.18870000541210172,0.1800999939441681,0.17409999668598175,0.16590000689029696,0.16769999265670776,0.13140000402927401,0.11320000141859055,0.11240000277757643,0.10090000182390213,0.2280000001192093,0.2185000032186508,0.2117000073194504,0.18039999902248385,0.16279999911785126,0.14659999310970304,0.12080000340938568,0.20360000431537628,0.13379999995231628,0.08640000224113464,0.11299999803304672,0.07769999653100967,0.04010000079870224,0.03339999914169312,0.027000000700354576,0.1794999986886978,0.09780000150203703,0.11909999698400495,0.11339999735355374,0.07959999889135361,0.21299999952316284,0.17980000376701355,0.15160000324249268,0.1987999975681305,0.155799999833107,0.1186000034213066,0.06769999861717224,0.05550000071525574,0.03640000149607658,0.028999999165534977,0.15160000324249268,0.12600000202655792,0.10849999636411667,0.0966999977827072,0.08479999750852585,0.8803842067718506,,,,,,
150,AugmixLoss,0.3434000015258789,49.0,,l1_channels,standard,1.5,19550,0.6581000089645386,0.6506999731063843,0.631600022315979,0.6155999898910522,0.5582000017166138,0.6565999984741211,0.6430000066757202,0.5857999920845032,0.5351999998092651,0.4508000016212464,0.21160000562667847,0.6527000069618225,0.6380000114440918,0.6086999773979187,0.5608999729156494,0.4733999967575073,0.5835999846458435,0.5909000039100647,0.5674999952316284,0.4900000095367432,0.4178000092506409,0.6474999785423279,0.6086999773979187,0.5613999962806702,0.4943999946117401,0.3093999922275543,0.593999981880188,0.5289000272750854,0.43950000405311584,0.4153999984264374,0.3377000093460083,0.6527000069618225,0.6069999933242798,0.5665000081062317,0.517799973487854,0.419299989938736,0.5023000240325928,0.3758000135421753,0.27480000257492065,0.2380000054836273,0.2094999998807907,0.3151000142097473,0.3260999917984009,0.3337000012397766,0.2475000023841858,0.2572999894618988,0.6147999763488771,0.5533000230789185,0.4848999977111816,0.3454999923706055,0.2345000058412552,0.5611000061035156,0.5224000215530396,0.5059999823570251,0.4837999939918518,0.459199994802475,0.6003000140190125,0.5566999912261963,0.4873999953269959,0.4887999892234802,0.428600013256073,0.6107000112533569,0.5177000164985657,0.448500007390976,0.25,0.1388999968767166,0.5349000096321106,0.4706000089645386,0.6309999823570251,0.5651999711990356,0.4930999875068665,0.5687999725341797,0.5031999945640564,0.3702999949455261,0.3156999945640564,0.2474000006914139,0.6043999791145325,0.4941999912261963,0.5041999816894531,0.4672000110149384,0.4194999933242798,0.6389999985694885,0.6134999990463257,0.5392000079154968,0.6037999987602234,0.5486999750137329,0.5705999732017517,0.4828999936580658,0.43639999628067017,0.3556999862194061,0.2741000056266785,0.5891000032424927,0.5857999920845032,0.5579000115394592,0.5356000065803528,0.4927000105381012,0.5135557651519775,,,,,,
150,AugmixLoss,0.33329999446868896,49.0,,l1_channels,augmix,1.5,19550,0.6672999858856201,0.6579999923706055,0.6431000232696533,0.6226000189781189,0.5692999958992004,0.666700005531311,0.6575999855995178,0.6021999716758728,0.5541999936103821,0.4785000085830689,0.2354000061750412,0.6654000282287598,0.65420001745224,0.6262999773025513,0.5853000283241272,0.492900013923645,0.597599983215332,0.6100999712944031,0.5863000154495239,0.5073999762535095,0.4273999929428101,0.6572999954223633,0.6227999925613403,0.5755000114440918,0.507099986076355,0.30379998683929443,0.6050000190734863,0.5418000221252441,0.4483000040054321,0.4359999895095825,0.3515999913215637,0.6656000018119812,0.6258999705314636,0.5877000093460083,0.5468000173568726,0.43950000405311584,0.5339999794960022,0.4169999957084656,0.31839999556541443,0.2782000005245209,0.23639999330043796,0.31040000915527344,0.3222000002861023,0.3325000107288361,0.2433999925851822,0.25279998779296875,0.6269999742507935,0.576200008392334,0.5135999917984009,0.37790000438690186,0.25290000438690186,0.5746999979019165,0.5317999720573425,0.5149000287055969,0.4966999888420105,0.4657999873161316,0.6215999722480774,0.5701000094413757,0.5077999830245972,0.5080000162124634,0.4415000081062317,0.6272000074386597,0.5627999901771545,0.5119000077247621,0.32280001044273376,0.1712000072002411,0.5465000271797179,0.47560000419616705,0.644599974155426,0.5777000188827515,0.5091999769210815,0.5911999940872192,0.5328999757766724,0.4079999923706055,0.3582000136375427,0.2836000025272369,0.6115999817848206,0.5024999976158142,0.5216000080108643,0.4781999886035919,0.4284999966621399,0.6513000130653381,0.6198999881744385,0.5548999905586243,0.6158000230789185,0.5580000281333923,0.597599983215332,0.5181000232696533,0.4799000024795532,0.3912000060081482,0.32170000672340393,0.6087999939918518,0.6039999723434448,0.5756000280380249,0.5498999953269958,0.5031999945640564,0.4947652816772461,,,,,,
150,AugmixLoss,0.43620002269744873,49.0,,l1_channels,standard,2.0,19550,0.5636000037193298,0.5534999966621399,0.5428000092506409,0.5217000246047974,0.4605000019073486,0.5637999773025513,0.5476999878883362,0.4718999862670898,0.4137000143527985,0.3251000046730041,0.1225999966263771,0.5616000294685364,0.5493999719619751,0.5227000117301941,0.4885999858379364,0.4068000018596649,0.5040000081062317,0.5131999850273132,0.4966000020503998,0.4523999989032746,0.39169999957084656,0.5532000064849854,0.5149000287055969,0.4679000079631805,0.4013999998569489,0.25799998641014105,0.5115000009536743,0.4499000012874603,0.3662999868392944,0.36059999465942383,0.2847000062465668,0.5612000226974487,0.5224000215530396,0.4873000085353851,0.44589999318122864,0.3619999885559082,0.44729998707771296,0.3458000123500824,0.26750001311302185,0.2366999983787537,0.2069000005722046,0.3219999969005585,0.3328999876976013,0.34470000863075256,0.259799987077713,0.26420000195503235,0.5360000133514404,0.4882000088691712,0.4381999969482422,0.3402000069618225,0.24609999358654025,0.5022000074386597,0.4745999872684479,0.4595000147819519,0.4530999958515167,0.435699999332428,0.5293999910354614,0.4778000116348266,0.4241000115871429,0.421099990606308,0.3689999878406525,0.5397999882698059,0.5005999803543091,0.4668999910354614,0.3431000113487244,0.18299999833106995,0.4334999918937683,0.3758000135421753,0.5336999893188477,0.457399994134903,0.39579999446868896,0.4977999925613403,0.4483999907970429,0.33730000257492065,0.2971000075340271,0.2404000014066696,0.5256000161170961,0.4198000133037567,0.4338000118732453,0.3934000134468079,0.3456000089645386,0.5550000071525574,0.5333999991416931,0.4790000021457672,0.5202000141143799,0.4668999910354614,0.5038999915122986,0.4307999908924103,0.3919000029563904,0.3160000145435333,0.2619999945163727,0.5113000273704529,0.5055000185966492,0.480100005865097,0.4587999880313873,0.42590001225471497,0.5727388858795166,,,,,,
150,AugmixLoss,0.40549999475479126,49.0,,l1_channels,augmix,2.0,19550,0.593999981880188,0.5899999737739563,0.5763999819755554,0.5568000078201294,0.4955999851226807,0.5945000052452087,0.585099995136261,0.5200999975204468,0.4656000137329102,0.3862000107765198,0.18440000712871552,0.5906999707221985,0.5813999772071838,0.5562000274658203,0.5210000276565552,0.4372999966144562,0.5335000157356262,0.5407000184059143,0.5192000269889832,0.4593999981880188,0.39259999990463257,0.5863000154495239,0.5497999787330627,0.4966999888420105,0.4251999855041504,0.2496999949216843,0.5371000170707703,0.4735000133514404,0.3745000064373016,0.3666999936103821,0.2874000072479248,0.5913000106811523,0.5561000108718872,0.5181000232696533,0.4783999919891357,0.38609999418258667,0.4666999876499176,0.3795000016689301,0.29170000553131104,0.2531000077724457,0.21879999339580536,0.2908999919891357,0.3034999966621399,0.31200000643730164,0.2311999946832657,0.2430000007152557,0.5618000030517578,0.5063999891281128,0.4532000124454498,0.3382000029087067,0.2398999929428101,0.5274999737739563,0.4862000048160553,0.4731999933719635,0.455700010061264,0.4379999935626984,0.5564000010490417,0.5037000179290771,0.4392000138759613,0.4368000030517578,0.3785000145435333,0.5633999705314636,0.5001000165939331,0.4465000033378601,0.2831999957561493,0.1500999927520752,0.4727999866008759,0.41530001163482666,0.5727000236511229,0.5008999705314636,0.4336000084877014,0.5228999853134155,0.4745999872684479,0.3686999976634979,0.322299987077713,0.2639999985694885,0.5465000271797179,0.4323999881744385,0.4541000127792358,0.4137000143527985,0.3603000044822693,0.5831000208854675,0.5515999794006348,0.4968999922275543,0.5462999939918518,0.4941999912261963,0.5278999805450441,0.4544999897480011,0.423799991607666,0.3569000065326691,0.29030001163482666,0.5392000079154968,0.5353999733924866,0.5120000243186951,0.4876999855041504,0.4481000006198883,0.5526926517486572,,,,,,
150,AugmixLoss,0.5325999855995178,49.0,,l1_channels,standard,4.0,19550,0.4674000144004822,0.4587000012397766,0.4429999887943268,0.4242999851703644,0.3682000041007996,0.4674000144004822,0.4521999955177307,0.3680999875068665,0.3102000057697296,0.22470000386238095,0.07259999960660933,0.4641999900341034,0.4460999965667725,0.4185999929904938,0.3826999962329865,0.3061999976634979,0.4086999893188477,0.41269999742507935,0.3950000107288361,0.3587999939918518,0.3068999946117401,0.455700010061264,0.4083999991416931,0.3589000105857849,0.3023000061511993,0.18400000035762787,0.41359999775886536,0.35420000553131104,0.2777000069618225,0.2676999866962433,0.20250000059604645,0.463699996471405,0.4178000092506409,0.3765000104904175,0.336899995803833,0.26010000705718994,0.3585000038146973,0.2836999893188477,0.22120000422000885,0.19439999759197235,0.17030000686645508,0.21279999613761905,0.2304999977350235,0.240899994969368,0.17350000143051147,0.184799998998642,0.4401000142097473,0.3873000144958496,0.3357999920845032,0.23109999299049375,0.15970000624656674,0.42590001225471497,0.4077999889850617,0.39989998936653137,0.3901999890804291,0.3831000030040741,0.4246000051498413,0.38569998741149897,0.3312000036239624,0.3294000029563904,0.2847999930381775,0.4284999966621399,0.3352000117301941,0.2818000018596649,0.15710000693798065,0.09780000150203703,0.36000001430511475,0.3221000134944916,0.4453000128269196,0.3725999891757965,0.3125999867916107,0.401199996471405,0.36010000109672546,0.2727999985218048,0.243599995970726,0.20229999721050265,0.4275999963283539,0.329800009727478,0.3449999988079071,0.3138999938964844,0.2623000144958496,0.4584999978542328,0.4345999956130981,0.3853999972343445,0.4255999922752381,0.3801000118255615,0.40630000829696655,0.3449999988079071,0.3156000077724457,0.2585000097751617,0.2160000056028366,0.4059000015258789,0.40029999613761896,0.3772000074386597,0.3571999967098236,0.3251999914646149,0.6640052795410156,,,,,,
150,AugmixLoss,0.5300999879837036,49.0,,l1_channels,augmix,4.0,19550,0.464599996805191,0.4550999999046326,0.4424000084400177,0.4241999983787537,0.3675000071525574,0.4699000120162964,0.450899988412857,0.3754999935626984,0.3192000091075897,0.23430000245571134,0.0868000015616417,0.4645000100135803,0.4537999927997589,0.4241000115871429,0.3959999978542328,0.3276999890804291,0.415800005197525,0.4163999855518341,0.4066999852657318,0.3702000081539154,0.33410000801086426,0.4578999876976013,0.4137000143527985,0.3639000058174133,0.3147000074386597,0.19679999351501465,0.4235999882221222,0.3837000131607056,0.31439998745918274,0.31290000677108765,0.2529999911785126,0.4648000001907349,0.4234000146389008,0.3926999866962433,0.35899999737739563,0.289900004863739,0.3962999880313873,0.3271999955177307,0.2544000148773193,0.2222000062465668,0.19850000739097595,0.2955000102519989,0.3059999942779541,0.32170000672340393,0.2312999963760376,0.2434999942779541,0.4257000088691712,0.3657999932765961,0.3034999966621399,0.1996999979019165,0.14100000262260434,0.4343999922275543,0.419299989938736,0.4081000089645386,0.4000999927520752,0.391400009393692,0.4311000108718872,0.3921999931335449,0.34209999442100525,0.3433000147342682,0.3003000020980835,0.4508000016212464,0.4158999919891357,0.3880000114440918,0.2879000008106232,0.17229999601840973,0.34940001368522644,0.3050000071525574,0.43959999084472656,0.36660000681877136,0.29989999532699585,0.43230000138282776,0.3946999907493591,0.3091000020503998,0.2813000082969665,0.22280000150203705,0.42820000648498535,0.3393999934196472,0.34459999203681946,0.3197000026702881,0.2849999964237213,0.4569000005722046,0.421999990940094,0.374099999666214,0.4160999953746796,0.361299991607666,0.4352999925613403,0.3788000047206879,0.3504000008106232,0.2912000119686127,0.2389000058174133,0.4203000068664551,0.4151000082492829,0.3944000005722046,0.3772999942302704,0.3483000099658966,0.6462979316711426,,,,,,
150,AugmixLoss,0.7152000069618225,49.0,,l1_channels,standard,8.0,19550,0.27959999442100525,0.2703000009059906,0.26030001044273376,0.2372000068426132,0.19689999520778656,0.2847999930381775,0.2515000104904175,0.16779999434947968,0.12489999830722807,0.08370000123977661,0.04069999977946282,0.27790001034736633,0.2651000022888184,0.24240000545978546,0.22139999270439148,0.17470000684261322,0.2474000006914139,0.2515999972820282,0.2398000061511993,0.21529999375343326,0.1970999985933304,0.2612999975681305,0.2093999981880188,0.1671999990940094,0.1316000074148178,0.08420000225305557,0.2371000051498413,0.2054000049829483,0.16290000081062314,0.15410000085830688,0.11879999935626985,0.2786000072956085,0.24060000479221344,0.21690000593662265,0.1915999948978424,0.1446000039577484,0.2257999926805496,0.17820000648498535,0.14090000092983246,0.12370000034570695,0.11050000041723253,0.17509999871253967,0.18080000579357147,0.18850000202655792,0.15700000524520874,0.1597999930381775,0.2513999938964844,0.19910000264644626,0.15649999678134918,0.10530000180006027,0.07500000298023224,0.2660000026226044,0.25429999828338623,0.25279998779296875,0.2436999976634979,0.2391999959945679,0.2494000047445297,0.2184000015258789,0.19290000200271606,0.1906999945640564,0.1704999953508377,0.2660999894142151,0.2281000018119812,0.20479999482631686,0.13169999420642853,0.0835999995470047,0.19679999351501465,0.17640000581741333,0.25679999589920044,0.20149999856948853,0.1581999957561493,0.2483000010251999,0.2207999974489212,0.17110000550746918,0.15000000596046448,0.1272999942302704,0.2430000007152557,0.16930000483989716,0.1861000061035156,0.16019999980926514,0.13439999520778656,0.274399995803833,0.2549000084400177,0.22339999675750727,0.2583000063896179,0.2272000014781952,0.24570000171661374,0.2078000009059906,0.18850000202655792,0.15369999408721924,0.12890000641345978,0.24140000343322754,0.23420000076293945,0.22190000116825104,0.2087000012397766,0.18809999525547028,0.8028736710548401,,,,,,
150,AugmixLoss,0.7008000016212463,49.0,,l1_channels,augmix,8.0,19550,0.29510000348091125,0.2867999970912933,0.27169999480247503,0.2536999881267548,0.20730000734329224,0.2991999983787537,0.27810001373291016,0.20360000431537628,0.1581999957561493,0.11159999668598176,0.04879999905824661,0.2957000136375427,0.28720000386238104,0.2709000110626221,0.2549999952316284,0.2149000018835068,0.2624000012874603,0.2642999887466431,0.2612999975681305,0.23880000412464145,0.2252999991178513,0.2870999872684479,0.2368000000715256,0.19750000536441806,0.15970000624656674,0.09839999675750732,0.26669999957084656,0.2347999960184097,0.19110000133514404,0.19189999997615811,0.16120000183582306,0.29580000042915344,0.2689999938011169,0.25189998745918274,0.2313999980688095,0.19189999997615811,0.2703000009059906,0.24660000205039975,0.2171999961137772,0.1987999975681305,0.18359999358654025,0.23019999265670776,0.2327000051736832,0.2362000048160553,0.18619999289512634,0.19429999589920044,0.27059999108314514,0.23199999332427976,0.20399999618530276,0.15449999272823334,0.11760000139474867,0.2928999960422516,0.2870000004768372,0.2804999947547913,0.2831999957561493,0.2804999947547913,0.2784000039100647,0.2549999952316284,0.2280000001192093,0.23199999332427976,0.20489999651908875,0.2892000079154968,0.2773000001907349,0.27160000801086426,0.21310000121593475,0.1965000033378601,0.2224999964237213,0.19329999387264246,0.2682999968528748,0.2140000015497208,0.17990000545978546,0.2797999978065491,0.2703000009059906,0.23880000412464145,0.22290000319480896,0.19789999723434448,0.2755999863147736,0.2404000014066696,0.22669999301433566,0.20630000531673431,0.18649999797344208,0.28349998593330383,0.2605000138282776,0.2307000011205673,0.2612999975681305,0.2286999970674515,0.2833999991416931,0.2610999941825867,0.2522000074386597,0.22349999845027926,0.19449999928474426,0.26730000972747797,0.2615000009536743,0.2522000074386597,0.2465000003576279,0.2302999943494797,0.7667242288589478,,,,,,
150,AugmixLoss,0.8520999997854233,49.0,,l1_channels,standard,16.0,19550,0.1430000066757202,0.13840000331401825,0.13120000064373016,0.125,0.11270000040531157,0.14790000021457672,0.13199999928474426,0.07989999651908875,0.058299999684095376,0.03840000182390213,0.021900000050663948,0.1446000039577484,0.14030000567436218,0.13590000569820404,0.12999999523162842,0.11159999668598176,0.1281999945640564,0.1316000074148178,0.12839999794960022,0.1243000030517578,0.1234000027179718,0.13830000162124634,0.10670000314712524,0.08219999819993973,0.06350000202655792,0.04259999841451645,0.12960000336170194,0.1151999980211258,0.0998999997973442,0.09960000216960907,0.08630000054836273,0.14419999718666074,0.13590000569820404,0.12690000236034393,0.11569999903440475,0.0989999994635582,0.12590000033378598,0.10899999737739564,0.0925000011920929,0.08429999649524689,0.0803999975323677,0.12330000102519988,0.12630000710487366,0.12479999661445618,0.11339999735355374,0.11509999632835388,0.12380000203847885,0.09889999777078627,0.08259999752044678,0.06499999761581421,0.05090000107884407,0.14139999449253082,0.13740000128746033,0.1362999975681305,0.13699999451637268,0.1331000030040741,0.13750000298023224,0.12809999287128448,0.11320000141859055,0.1152999997138977,0.10339999943971634,0.1428000032901764,0.14239999651908875,0.14020000398159027,0.14000000059604645,0.12439999729394913,0.10029999911785126,0.08739999681711197,0.12620000541210175,0.1054999977350235,0.0868000015616417,0.13519999384880066,0.1242000013589859,0.10260000079870224,0.09520000219345093,0.08420000225305557,0.14069999754428866,0.12549999356269834,0.1184000000357628,0.11079999804496764,0.10530000180006027,0.14069999754428866,0.12549999356269834,0.10769999772310256,0.1169999986886978,0.09700000286102296,0.1348000019788742,0.11550000309944153,0.10589999705553056,0.08919999748468399,0.07720000296831131,0.13320000469684598,0.13009999692440033,0.12269999831914903,0.11779999732971193,0.1112999990582466,0.8870810270309448,,,,,,
150,AugmixLoss,0.8523000031709671,49.0,,l1_channels,augmix,16.0,19550,0.14409999549388885,0.14169999957084656,0.13429999351501465,0.1273999959230423,0.11729999631643295,0.1476999968290329,0.12720000743865967,0.08619999885559082,0.062199998646974564,0.04019999876618385,0.020500000566244125,0.14339999854564667,0.13410000503063202,0.12839999794960022,0.12349999696016313,0.11180000007152556,0.12620000541210175,0.13359999656677246,0.125,0.11649999767541885,0.10700000077486037,0.13459999859333038,0.10450000315904616,0.08259999752044678,0.06809999793767929,0.04930000007152557,0.12300000339746475,0.10450000315904616,0.0851999968290329,0.08110000193119049,0.0632999986410141,0.14350000023841858,0.12800000607967374,0.12110000103712082,0.11590000241994858,0.10649999976158142,0.1274999976158142,0.11400000005960464,0.09510000050067903,0.08569999784231186,0.07810000330209732,0.1184000000357628,0.11879999935626985,0.1145000010728836,0.10159999877214433,0.1039000004529953,0.12520000338554382,0.10289999842643738,0.08389999717473984,0.056200001388788216,0.04170000180602074,0.14239999651908875,0.14159999787807465,0.14409999549388885,0.1404999941587448,0.14249999821186066,0.13379999995231628,0.1216999962925911,0.10980000346899033,0.10909999907016754,0.10419999808073044,0.15060000121593475,0.14740000665187836,0.14980000257492065,0.13670000433921814,0.12039999663829805,0.09350000321865083,0.07959999889135361,0.13050000369548798,0.10369999706745148,0.08799999952316284,0.13650000095367432,0.1274999976158142,0.1071000024676323,0.10459999740123747,0.08370000123977661,0.12800000607967374,0.1136000007390976,0.1079000011086464,0.09549999982118608,0.08540000021457672,0.13449999690055847,0.11879999935626985,0.10339999943971634,0.11810000240802765,0.09910000115633012,0.13379999995231628,0.125,0.11670000106096268,0.10289999842643738,0.08479999750852585,0.13040000200271604,0.12620000541210175,0.125,0.12229999899864195,0.11599999666213988,0.8887789249420166,,,,,,
150,StandardLoss,0.33660000562667847,49.0,,l1_channels,standard,1.5,19550,0.660099983215332,0.6489999890327454,0.6330000162124634,0.6103000044822693,0.5509999990463257,0.6633999943733215,0.6435999870300293,0.5552999973297119,0.4717000126838684,0.3521000146865845,0.13320000469684598,0.6557000279426575,0.6189000010490417,0.5331000089645386,0.4287000000476837,0.3012999892234802,0.555899977684021,0.5620999932289124,0.5051000118255615,0.4388000071048737,0.3896999955177307,0.6542999744415283,0.6130999922752379,0.5609999895095825,0.4828000068664551,0.2870999872684479,0.5425000190734863,0.4544000029563904,0.3398000001907349,0.3172000050544739,0.23430000245571134,0.656000018119812,0.5307000279426575,0.4181999862194061,0.3382000029087067,0.2232999950647354,0.2944000065326691,0.1582999974489212,0.09529999643564224,0.08259999752044678,0.0674000009894371,0.1973000019788742,0.2117000073194504,0.2294999957084656,0.15970000624656674,0.1768999993801117,0.4796000123023987,0.298799991607666,0.1835000067949295,0.07779999822378159,0.05339999869465828,0.5103999972343445,0.4490999877452849,0.4234000146389008,0.397599995136261,0.36890000104904175,0.5659000277519226,0.4776000082492829,0.4059000015258789,0.4025999903678894,0.3400999903678894,0.6065999865531921,0.5059000253677368,0.4305999875068665,0.23430000245571134,0.12210000306367876,0.5394999980926514,0.4602999985218048,0.6384000182151794,0.5480999946594238,0.4566000103950501,0.4004000127315521,0.2773000001907349,0.13519999384880066,0.10660000145435332,0.08030000329017639,0.5695000290870667,0.4000999927520752,0.4505999982357025,0.4296000003814697,0.35929998755455017,0.6244999766349792,0.5501999855041504,0.4580000042915344,0.5379999876022339,0.4162000119686127,0.40720000863075256,0.2442000061273575,0.19949999451637268,0.12860000133514404,0.09070000052452087,0.5296000242233276,0.4986000061035156,0.4447000026702881,0.4000000059604645,0.3461999893188477,0.603824257850647,,,,,,
150,StandardLoss,0.39329999685287476,49.0,,l1_channels,standard,2.0,19550,0.6029999852180481,0.5935999751091003,0.5778999924659729,0.5525000095367432,0.4923000037670136,0.6067000031471252,0.5812000036239624,0.4670000076293945,0.3813000023365021,0.27489998936653137,0.09610000252723694,0.6062999963760376,0.5636000037193298,0.4805999994277954,0.4066999852657318,0.29649999737739563,0.5092999935150146,0.5141999721527101,0.4647000133991242,0.4097000062465668,0.3704000115394592,0.5954999923706055,0.5433999896049501,0.4880999922752381,0.4223000109195709,0.2313999980688095,0.4781999886035919,0.38479998707771296,0.2784999907016754,0.2596000134944916,0.1785999983549118,0.6062999963760376,0.4785999953746796,0.39809998869895935,0.3314999938011169,0.2327000051736832,0.2773000001907349,0.1573999971151352,0.09539999812841417,0.07670000195503235,0.06679999828338623,0.18629999458789825,0.2029000073671341,0.21040000021457672,0.15600000321865082,0.16920000314712524,0.4756999909877777,0.31929999589920044,0.2134000062942505,0.10249999910593033,0.0640999972820282,0.4815999865531922,0.4399000108242035,0.4151999950408936,0.3984000086784363,0.3704000115394592,0.520799994468689,0.4413999915122986,0.3781999945640564,0.37929999828338623,0.3303999900817871,0.5349000096321106,0.414900004863739,0.3449999988079071,0.1868000030517578,0.11829999834299088,0.4785000085830689,0.4115000069141388,0.5787000060081482,0.480100005865097,0.3889999985694885,0.3707999885082245,0.2653999924659729,0.13770000636577606,0.10530000180006027,0.07880000025033951,0.5045999884605408,0.3467000126838684,0.40070000290870667,0.3822999894618988,0.31119999289512634,0.5705999732017517,0.5063999891281128,0.4268999993801117,0.5001000165939331,0.4002000093460083,0.3761000037193297,0.24469999969005585,0.1979999989271164,0.12389999628067015,0.09160000085830687,0.4810999929904938,0.4501999914646149,0.4124999940395355,0.3804000020027161,0.3352000117301941,0.6377105712890625,,,,,,
150,StandardLoss,0.5227000117301941,49.0,,l1_channels,standard,4.0,19550,0.4726999998092651,0.4621999859809876,0.4480000138282776,0.4214999973773956,0.3664999902248383,0.4772999882698059,0.4492999911308289,0.3240000009536743,0.2489999979734421,0.1655000001192093,0.052700001746416085,0.4704000055789948,0.4284999966621399,0.36000001430511475,0.3077999949455261,0.2248000055551529,0.3986999988555908,0.3896999955177307,0.35409998893737793,0.3269999921321869,0.30379998683929443,0.4659999907016754,0.4045999944210053,0.3429999947547913,0.2728999853134155,0.14139999449253082,0.371399998664856,0.2971999943256378,0.2108000069856644,0.19539999961853027,0.1379999965429306,0.4702000021934509,0.3587999939918518,0.2962999939918518,0.2450000047683716,0.17710000276565552,0.2344000041484833,0.156700000166893,0.11089999973773956,0.09529999643564224,0.08209999650716783,0.13680000603199005,0.14839999377727509,0.17880000174045566,0.12129999697208405,0.13920000195503235,0.3327000141143799,0.19449999928474426,0.1234000027179718,0.06859999895095825,0.047699999064207084,0.4129999876022339,0.3792000114917755,0.36660000681877136,0.3481000065803528,0.334199994802475,0.3970000147819519,0.3382999897003174,0.2957000136375427,0.289000004529953,0.2496999949216843,0.4223999977111816,0.3248000144958496,0.2772000133991241,0.16060000658035278,0.10530000180006027,0.3616000115871429,0.3140000104904175,0.44729998707771296,0.3609000146389008,0.2766999900341034,0.2912000119686127,0.2263000011444092,0.14149999618530273,0.1234000027179718,0.09399999678134917,0.391400009393692,0.2493000030517578,0.2994999885559082,0.2772000133991241,0.22100000083446505,0.4433999955654144,0.3842000067234039,0.3325000107288361,0.3797999918460846,0.296099990606308,0.29420000314712524,0.2021999955177307,0.17180000245571134,0.1274999976158142,0.09780000150203703,0.371399998664856,0.3431000113487244,0.3102000057697296,0.2845000028610229,0.2529999911785126,0.7199662923812866,,,,,,
150,StandardLoss,0.7019000053405762,49.0,,l1_channels,standard,8.0,19550,0.29010000824928284,0.2791000008583069,0.26339998841285706,0.2471999973058701,0.21389999985694885,0.29809999465942383,0.2574999928474426,0.163100004196167,0.11400000005960464,0.07590000331401825,0.0357000008225441,0.29030001163482666,0.2526000142097473,0.20640000700950625,0.1712999939918518,0.1225999966263771,0.2328999936580658,0.2344000041484833,0.2066999971866608,0.18850000202655792,0.18950000405311584,0.27399998903274536,0.2149000018835068,0.16940000653266907,0.12939999997615814,0.0714000016450882,0.24240000545978546,0.20559999346733093,0.1632000058889389,0.15729999542236328,0.12559999525547028,0.2897999882698059,0.20489999651908875,0.1662999987602234,0.1340000033378601,0.09700000286102296,0.19020000100135806,0.1298000067472458,0.09160000085830687,0.07259999960660933,0.059799998998641975,0.1428000032901764,0.14970000088214874,0.1712999939918518,0.1200999990105629,0.1396999955177307,0.195700004696846,0.11710000038146973,0.07810000330209732,0.036600001156330116,0.0215000007301569,0.2734000086784363,0.2623000144958496,0.2533999979496002,0.2506999969482422,0.2459000051021576,0.2313999980688095,0.19179999828338626,0.16529999673366547,0.16609999537467954,0.1437000036239624,0.2694000005722046,0.22259999811649325,0.1992000043392181,0.13040000200271604,0.09139999747276306,0.2179999947547913,0.1952999979257584,0.2648000121116638,0.19550000131130216,0.1468999981880188,0.2221000045537949,0.1835000067949295,0.11219999939203262,0.09759999811649324,0.06809999793767929,0.2311999946832657,0.14790000021457672,0.1664000004529953,0.15760000050067902,0.12449999898672105,0.26730000972747797,0.22040000557899475,0.1835000067949295,0.24150000512599945,0.1868000030517578,0.2245000004768372,0.163100004196167,0.13609999418258667,0.09369999915361404,0.06589999794960022,0.20419999957084656,0.18940000236034396,0.1696999967098236,0.15449999272823334,0.13950000703334808,0.8245726227760315,,,,,,
150,StandardLoss,0.832399994134903,49.0,,l1_channels,standard,16.0,19550,0.16459999978542328,0.15940000116825104,0.1526000052690506,0.14569999277591705,0.12839999794960022,0.16760000586509705,0.14399999380111694,0.08229999989271164,0.0544000007212162,0.036299999803304665,0.01970000006258488,0.16099999845027926,0.13359999656677246,0.0989999994635582,0.07639999687671661,0.05160000175237656,0.12870000302791595,0.12319999933242798,0.10750000178813934,0.10109999775886536,0.1071999967098236,0.15539999306201935,0.11469999700784685,0.08789999783039093,0.0625,0.029600000008940693,0.12800000607967374,0.10610000044107436,0.07819999754428864,0.07429999858140945,0.05139999836683273,0.16110000014305115,0.0982000008225441,0.07490000128746033,0.05970000103116036,0.0406000018119812,0.06859999895095825,0.0421999990940094,0.02089999988675117,0.01769999973475933,0.01510000042617321,0.0658000037074089,0.06729999929666519,0.0828000009059906,0.061500001698732376,0.07109999656677246,0.08760000020265579,0.04190000146627426,0.023000000044703484,0.012500000186264515,0.010700000450015068,0.14980000257492065,0.13950000703334808,0.13670000433921814,0.13009999692440033,0.1193000003695488,0.11829999834299088,0.09049999713897704,0.07100000232458115,0.07029999792575836,0.058299999684095376,0.16179999709129333,0.15960000455379486,0.1550000011920929,0.13030000030994415,0.09539999812841417,0.11810000240802765,0.10670000314712524,0.14920000731945038,0.11580000072717668,0.09359999746084212,0.0803999975323677,0.06689999997615814,0.03909999877214432,0.027699999511241916,0.01940000057220459,0.1112999990582466,0.06759999692440033,0.08100000023841858,0.07980000227689743,0.06069999933242797,0.14249999821186066,0.1137000024318695,0.09600000083446504,0.1037999987602234,0.06849999725818634,0.08609999716281891,0.06289999932050705,0.05070000141859055,0.032600000500679016,0.02219999954104424,0.10740000009536743,0.09239999949932097,0.07840000092983246,0.06769999861717224,0.05750000104308128,0.9118568301200868,,,,,,
150,AugmixLoss,0.2975999712944031,49.0,,layer_weight,augmix,2.0,19550,0.7013999819755554,0.6942999958992004,0.6793000102043152,0.6629999876022339,0.6075000166893005,0.7024000287055969,0.6927000284194946,0.6434000134468079,0.6014000177383423,0.5249000191688538,0.2705000042915344,0.6990000009536743,0.6879000067710876,0.667900025844574,0.6255000233650208,0.5321999788284302,0.6315000057220459,0.6464999914169312,0.623199999332428,0.5361999869346619,0.4481000006198883,0.6948000192642212,0.6590999960899353,0.6078000068664551,0.5396000146865845,0.3402000069618225,0.6414999961853027,0.5813999772071838,0.4867999851703644,0.4726000130176544,0.3864000141620636,0.6987000107765198,0.6658999919891357,0.6302000284194946,0.589900016784668,0.4760999977588654,0.5648000240325928,0.4541999995708466,0.3596999943256378,0.3100999891757965,0.27399998903274536,0.3465999960899353,0.3537000119686127,0.367000013589859,0.2626000046730041,0.2703000009059906,0.6679999828338623,0.6146000027656555,0.5537999868392944,0.4090999960899353,0.2741000056266785,0.5978000164031982,0.5522000193595886,0.5309000015258789,0.5148000121116638,0.484499990940094,0.6547999978065491,0.6000000238418579,0.5357999801635742,0.5349000096321106,0.4625000059604645,0.6697999835014343,0.6029000282287598,0.5508000254631042,0.3641000092029572,0.19769999384880066,0.5752000212669373,0.5023000240325928,0.6780999898910522,0.6043999791145325,0.539900004863739,0.6234999895095825,0.5623999834060669,0.4462000131607056,0.3971000015735626,0.3305000066757202,0.6547999978065491,0.5389999747276306,0.5523999929428101,0.5149999856948853,0.4620000123977661,0.6807000041007996,0.6550999879837036,0.5895000100135803,0.6468999981880188,0.5940999984741211,0.6355000138282776,0.5511000156402588,0.5099999904632568,0.4345000088214874,0.3616000115871429,0.6446999907493591,0.6420000195503235,0.6194000244140625,0.5931000113487244,0.5437999963760376,0.4603337049484253,,,,,,
150,AugmixLoss,0.3068000078201294,49.0,,layer_weight,standard,2.0,19550,0.6891000270843506,0.6812999844551086,0.6638000011444092,0.6470000147819519,0.5819000005722046,0.6931999921798706,0.6793000102043152,0.6161999702453613,0.5566999912261963,0.4625000059604645,0.210999995470047,0.6876999735832214,0.6733999848365784,0.6466000080108643,0.5892000198364258,0.4988999962806702,0.6190000176429749,0.6273999810218811,0.6043000221252441,0.5243999958038329,0.440200001001358,0.6833999752998352,0.6442999839782715,0.5993000268936157,0.5340999960899353,0.3384000062942505,0.6238999962806702,0.5493999719619751,0.44589999318122864,0.43950000405311584,0.3467000126838684,0.6869999766349792,0.6453999876976013,0.6004999876022339,0.5476999878883362,0.4307000041007996,0.5188000202178955,0.3995000123977661,0.30709999799728394,0.2691999971866608,0.2368000000715256,0.3242999911308289,0.33739998936653137,0.34360000491142273,0.2469000071287155,0.2581000030040741,0.6498000025749207,0.5958999991416931,0.5299999713897705,0.40070000290870667,0.2813999950885773,0.5792999863624573,0.5291000008583069,0.5134000182151794,0.4846999943256378,0.4627000093460083,0.6348999738693237,0.5812000036239624,0.5160999894142151,0.5116000175476074,0.4458000063896179,0.6546000242233276,0.5670999884605408,0.5012000203132629,0.29980000853538513,0.15970000624656674,0.5652999877929688,0.4878999888896942,0.6682000160217285,0.59170001745224,0.5221999883651733,0.5960000157356262,0.5213999748229979,0.3899999856948853,0.34450000524520874,0.2741999924182892,0.6406999826431274,0.5216000080108643,0.53329998254776,0.4887000024318695,0.4296000003814697,0.6758999824523926,0.6403999924659729,0.5742999911308289,0.6351000070571899,0.5745999813079834,0.6025000214576721,0.5055999755859375,0.4603999853134155,0.3763000071048737,0.3093999922275543,0.6244999766349792,0.6180999875068665,0.5928999781608582,0.5622000098228455,0.508899986743927,0.4863873720169067,,,,,,
150,AugmixLoss,0.3203999996185303,49.0,,layer_weight,augmix,4.0,19550,0.6796000003814697,0.6728000044822693,0.6571000218391418,0.6398000121116638,0.5789999961853027,0.6796000003814697,0.667900025844574,0.6150000095367432,0.5691999793052673,0.4830000102519989,0.2312999963760376,0.6764000058174133,0.6639000177383423,0.6395000219345093,0.5975000262260437,0.5026999711990356,0.6061000227928162,0.6230999827384949,0.5986999869346619,0.5230000019073486,0.4399000108242035,0.6680999994277954,0.6328999996185303,0.5917999744415283,0.5188999772071838,0.3271999955177307,0.6159999966621399,0.548799991607666,0.4537000060081482,0.4386000037193297,0.35839998722076416,0.6754999756813049,0.6391000151634216,0.6082000136375427,0.5579000115394592,0.4451999962329865,0.5322999954223633,0.41530001163482666,0.3197999894618988,0.2804999947547913,0.244499996304512,0.32580000162124634,0.3337000012397766,0.3515999913215637,0.2533000111579895,0.263700008392334,0.6450999975204468,0.5924999713897705,0.5357000231742859,0.39989998936653137,0.2700999975204468,0.5817000269889832,0.534500002861023,0.5205000042915344,0.5008000135421753,0.4747999906539917,0.6337000131607056,0.5771999955177307,0.5120000243186951,0.5145000219345093,0.4453000128269196,0.6438000202178955,0.5760999917984009,0.5228999853134155,0.3337000012397766,0.16169999539852142,0.5476999878883362,0.4738999903202057,0.6514999866485596,0.5803999900817871,0.5059000253677368,0.5978999733924866,0.5378999710083008,0.4129999876022339,0.362199991941452,0.2939000129699707,0.6273000240325928,0.5048000216484071,0.5296000242233276,0.4896000027656555,0.43549999594688416,0.663100004196167,0.6298999786376953,0.5706999897956848,0.6252999901771545,0.5645999908447266,0.60589998960495,0.5184999704360962,0.4778000116348266,0.3977000117301941,0.3296000063419342,0.620199978351593,0.6176000237464905,0.5935999751091003,0.5648000240325928,0.515500009059906,0.4853821396827698,,,,,,
150,AugmixLoss,0.33090001344680786,49.0,,layer_weight,standard,4.0,19550,0.6674000024795532,0.6585999727249146,0.6431000232696533,0.6229000091552734,0.565500020980835,0.6690999865531921,0.6478999853134155,0.5785999894142151,0.5205000042915344,0.42719998955726624,0.1988999992609024,0.6638000011444092,0.6474000215530396,0.6140999794006348,0.5651999711990356,0.4724999964237213,0.5940999984741211,0.600600004196167,0.5817999839782715,0.5036000013351439,0.42910000681877136,0.6539000272750854,0.6116999983787537,0.569100022315979,0.496399998664856,0.3041999936103821,0.5940999984741211,0.5191000103950499,0.4131999909877777,0.4045999944210053,0.31769999861717224,0.663100004196167,0.6141999959945679,0.5702999830245972,0.5198000073432922,0.4138999879360199,0.4882999956607818,0.3522999882698059,0.26019999384880066,0.2245000004768372,0.19419999420642853,0.302700012922287,0.31040000915527344,0.32179999351501465,0.2325000017881393,0.2378000020980835,0.6305000185966492,0.5746999979019165,0.5091000199317932,0.3684999942779541,0.246399998664856,0.5640000104904175,0.5166000127792358,0.498199999332428,0.4824999868869782,0.4537000060081482,0.6096000075340271,0.5526999831199646,0.4867999851703644,0.4907999932765961,0.421099990606308,0.6259999871253967,0.5447999835014343,0.4794000089168549,0.2818000018596649,0.14990000426769254,0.5414999723434448,0.4587000012397766,0.6444000005722046,0.5763999819755554,0.4997999966144562,0.5620999932289124,0.4812999963760376,0.3425000011920929,0.294299989938736,0.2321999967098236,0.6122000217437744,0.4900000095367432,0.5074999928474426,0.4686999917030335,0.4056000113487244,0.6503999829292297,0.6194000244140625,0.5562999844551086,0.6033999919891357,0.5376999974250793,0.5669000148773193,0.4605999886989594,0.41530001163482666,0.3305000066757202,0.2624000012874603,0.5982999801635742,0.5911999940872192,0.5649999976158142,0.5440000295639038,0.4925999939441681,0.5137778520584106,,,,,,
150,AugmixLoss,0.3852999806404114,49.0,,layer_weight,augmix,8.0,19550,0.6139000058174133,0.6062999963760376,0.5938000082969666,0.5738999843597412,0.5188000202178955,0.6147000193595886,0.5986999869346619,0.5401999950408936,0.4842999875545502,0.391400009393692,0.1582999974489212,0.6119999885559082,0.6019999980926514,0.5734000205993652,0.5278000235557556,0.441100001335144,0.5480999946594238,0.5579000115394592,0.539900004863739,0.473800003528595,0.3998000025749207,0.6046000123023987,0.5647000074386597,0.5106999874114989,0.4401000142097473,0.2658999860286713,0.5490999817848206,0.4790999889373779,0.3788000047206879,0.3691000044345856,0.2845999896526337,0.6119999885559082,0.5727000236511229,0.5285999774932861,0.4844000041484833,0.3837999999523163,0.453000009059906,0.3352000117301941,0.2554000020027161,0.21979999542236328,0.19009999930858607,0.2711000144481659,0.2876999974250793,0.3046000003814697,0.219200000166893,0.2304999977350235,0.5877000093460083,0.5529999732971191,0.5006999969482422,0.38440001010894775,0.2693000137805939,0.5309000015258789,0.4995999932289124,0.4788999855518341,0.460099995136261,0.4406000077724457,0.5618000030517578,0.5090000033378601,0.4514000117778778,0.4503999948501587,0.383899986743927,0.5788999795913696,0.4973999857902527,0.4375999867916107,0.2574000060558319,0.12860000133514404,0.4814000129699707,0.41449999809265137,0.5889999866485596,0.5130000114440918,0.4451000094413757,0.5285000205039978,0.4586000144481659,0.33730000257492065,0.29269999265670776,0.23559999465942386,0.5637999773025513,0.4399000108242035,0.465499997138977,0.42770001292228704,0.3689999878406525,0.6007999777793884,0.567799985408783,0.5095000267028809,0.5597000122070312,0.4873999953269959,0.5338000059127808,0.4449000060558319,0.40220001339912415,0.3285999894142151,0.2709999978542328,0.5566999912261963,0.5526000261306763,0.526199996471405,0.4973999857902527,0.4532000124454498,0.5477347373962402,,,,,,
150,AugmixLoss,0.39800000190734863,49.0,,layer_weight,standard,8.0,19550,0.6025999784469604,0.593999981880188,0.5774000287055969,0.5576000213623047,0.5015000104904175,0.6019999980926514,0.5863999724388123,0.5159000158309937,0.4553999900817871,0.3549000024795532,0.14470000565052032,0.5986999869346619,0.5879999995231628,0.5612000226974487,0.5070000290870667,0.4221999943256378,0.5350000262260437,0.5432000160217285,0.5274999737739563,0.4589000046253204,0.3849999904632568,0.5910000205039978,0.5478000044822693,0.4999000132083893,0.4223000109195709,0.2533000111579895,0.5379999876022339,0.4686000049114227,0.3635999858379364,0.3499000072479248,0.2687000036239624,0.5983999967575073,0.5600000023841858,0.5126000046730042,0.4620000123977661,0.3659000098705292,0.440200001001358,0.3183000087738037,0.2338999956846237,0.19740000367164606,0.17550000548362732,0.2874000072479248,0.30149999260902405,0.30730000138282776,0.2282000035047531,0.2404000014066696,0.5741000175476074,0.5256999731063843,0.4645000100135803,0.35089999437332153,0.2494000047445297,0.5264000296592712,0.4884999990463257,0.4751000106334686,0.4539999961853027,0.43540000915527344,0.5509999990463257,0.5008000135421753,0.4347000122070313,0.4397000074386597,0.3772999942302704,0.5580999851226807,0.4729999899864197,0.4142000079154968,0.2294999957084656,0.12139999866485594,0.4688999950885773,0.40630000829696655,0.5745999813079834,0.4959999918937683,0.4293000102043152,0.5077000260353088,0.4341999888420105,0.3061999976634979,0.2565999925136566,0.2013999968767166,0.5551000237464905,0.43320000171661377,0.450300008058548,0.4181999862194061,0.3531999886035919,0.5909000039100647,0.5627999901771545,0.5112000107765198,0.5572999715805054,0.5078999996185303,0.5094000101089478,0.4059999883174896,0.3643999993801117,0.2858000099658966,0.2249000072479248,0.5318999886512756,0.5271999835968018,0.4997000098228455,0.4785999953746796,0.4365000128746033,0.5633832216262817,,,,,,
150,AugmixLoss,0.5272000133991241,49.0,,layer_weight,augmix,16.0,19550,0.4672999978065491,0.4602000117301941,0.4453999996185303,0.4234000146389008,0.3653999865055084,0.4727999866008759,0.4541000127792358,0.3740000128746033,0.304500013589859,0.21160000562667847,0.07150000333786011,0.4697999954223633,0.4508000016212464,0.42089998722076416,0.3950000107288361,0.3237999975681305,0.4101000130176544,0.4244000017642975,0.4068999886512756,0.3702999949455261,0.34049999713897705,0.4618000090122223,0.4068000018596649,0.35179999470710754,0.28540000319480896,0.1565999984741211,0.4226000010967255,0.367000013589859,0.2930000126361847,0.2836999893188477,0.2249000072479248,0.4697999954223633,0.4192000031471253,0.3880000114440918,0.3490999937057495,0.28690001368522644,0.3454999923706055,0.25270000100135803,0.19429999589920044,0.1671999990940094,0.14890000224113464,0.2793999910354614,0.2971999943256378,0.3095999956130981,0.2321999967098236,0.2396000027656555,0.4541999995708466,0.4234000146389008,0.3880000114440918,0.31049999594688416,0.2389000058174133,0.4393999874591827,0.4205000102519989,0.4181999862194061,0.4110000133514404,0.4027000069618225,0.4381999969482422,0.38940000534057617,0.3463000059127808,0.3438000082969665,0.2991999983787537,0.4469999969005585,0.3917999863624573,0.3450999855995178,0.211899995803833,0.11640000343322755,0.34130001068115234,0.2888000011444092,0.43959999084472656,0.3686000108718872,0.30469998717308044,0.4013000130653381,0.35179999470710754,0.2484000027179718,0.21480000019073486,0.16930000483989716,0.43320000171661377,0.33390000462532043,0.34369999170303345,0.31349998712539673,0.26759999990463257,0.4643000066280365,0.4372000098228455,0.3883000016212464,0.438400000333786,0.3977999985218048,0.4054999947547913,0.324400007724762,0.2921000123023987,0.2280000001192093,0.1861000061035156,0.41400000452995295,0.4081999957561493,0.3882000148296356,0.3745000064373016,0.3465999960899353,0.655019998550415,,,,,,
150,AugmixLoss,0.5487000048160553,49.0,,layer_weight,standard,16.0,19550,0.4501999914646149,0.4390000104904175,0.4203999936580658,0.3952000141143799,0.3409999907016754,0.4512999951839447,0.4307999908924103,0.3474999964237213,0.2824000120162964,0.1995999962091446,0.07079999893903732,0.4462999999523163,0.43130001425743103,0.4061000049114227,0.3847000002861023,0.32580000162124634,0.4058000147342682,0.4072999954223633,0.3978999853134155,0.36430001258850103,0.32899999618530273,0.4392000138759613,0.3835999965667725,0.3355999886989593,0.2696000039577484,0.15629999339580536,0.3948000073432921,0.3429000079631805,0.2667999863624573,0.26339998841285706,0.21150000393390656,0.446399986743927,0.4043999910354614,0.37790000438690186,0.351500004529953,0.2931999862194061,0.26969999074935913,0.18539999425411224,0.13920000195503235,0.1216999962925911,0.11100000143051147,0.2700999975204468,0.2836000025272369,0.2955000102519989,0.2329999953508377,0.2433999925851822,0.4172999858856201,0.3754999935626984,0.3346999883651733,0.2433999925851822,0.17829999327659607,0.41260001063346863,0.3982000052928925,0.3928999900817871,0.3864000141620636,0.37529999017715454,0.41449999809265137,0.3806999921798706,0.34369999170303345,0.34360000491142273,0.3089999854564667,0.4383000135421753,0.4009999930858612,0.3777999877929688,0.2777000069618225,0.18809999525547028,0.3208000063896179,0.2766999900341034,0.41940000653266907,0.3343000113964081,0.2709000110626221,0.3276999890804291,0.2660999894142151,0.1825000047683716,0.1559000015258789,0.1266999989748001,0.4061999917030335,0.2994999885559082,0.3131000101566315,0.2842999994754791,0.22789999842643735,0.43540000915527344,0.4056999981403351,0.35769999027252203,0.4115999937057495,0.3659999966621399,0.33320000767707825,0.2460000067949295,0.2160000056028366,0.17319999635219574,0.14000000059604645,0.4072999954223633,0.3991999924182892,0.3815000057220459,0.3650999963283539,0.3411000072956085,0.678472638130188,,,,,,
150,AugmixLoss,0.9130999967455864,49.0,,layer_weight,augmix,32.0,19550,0.08479999750852585,0.07689999788999557,0.06539999693632126,0.05299999937415123,0.03970000147819519,0.0869000032544136,0.07720000296831131,0.049699999392032616,0.03810000047087669,0.028699999675154686,0.018400000408291817,0.08590000122785567,0.08380000293254852,0.08219999819993973,0.07989999651908875,0.07349999994039537,0.08340000361204147,0.08060000091791153,0.08089999854564668,0.0803999975323677,0.07880000025033951,0.07980000227689743,0.06120000034570694,0.04670000076293945,0.03950000181794167,0.02569999918341637,0.0649000033736229,0.049400001764297485,0.04830000177025795,0.04919999837875366,0.048700001090765,0.08590000122785567,0.0828000009059906,0.07909999787807465,0.07530000060796738,0.06840000301599503,0.08219999819993973,0.07599999755620956,0.06970000267028809,0.06350000202655792,0.058200001716613776,0.08449999988079071,0.08349999785423279,0.08429999649524689,0.08219999819993973,0.08160000294446945,0.08309999853372574,0.08410000056028366,0.07959999889135361,0.07020000368356705,0.06080000102519989,0.0869000032544136,0.08579999953508377,0.08550000190734862,0.08579999953508377,0.08619999885559082,0.0843999981880188,0.07970000058412552,0.07270000129938126,0.07349999994039537,0.06620000302791595,0.08649999648332596,0.08569999784231186,0.08760000020265579,0.08240000158548355,0.08470000326633452,0.08550000190734862,0.08410000056028366,0.08709999918937683,0.08089999854564668,0.07259999960660933,0.08739999681711197,0.08340000361204147,0.0731000006198883,0.07029999792575836,0.06300000101327896,0.08089999854564668,0.07039999961853027,0.06970000267028809,0.05480000004172325,0.043900001794099815,0.08720000088214874,0.08190000057220459,0.07479999959468843,0.08399999886751175,0.07800000160932541,0.08410000056028366,0.08070000261068344,0.0771000012755394,0.0681999996304512,0.0632999986410141,0.08089999854564668,0.08060000091791153,0.07940000295639038,0.07559999823570251,0.07450000196695328,0.9273610711097716,,,,,,
150,AugmixLoss,0.9646000005304813,49.0,,layer_weight,standard,32.0,19550,0.033500000834465034,0.031099999323487282,0.027300000190734863,0.026200000196695328,0.02360000088810921,0.03539999946951866,0.032999999821186066,0.024000000208616257,0.018899999558925632,0.01510000042617321,0.013399999588727951,0.036600001156330116,0.03689999878406525,0.035900000482797616,0.03449999913573265,0.032600000500679016,0.03440000116825104,0.03500000014901161,0.03480000048875809,0.03480000048875809,0.03339999914169312,0.03579999879002571,0.02879999950528145,0.026799999177455902,0.02239999920129776,0.019999999552965164,0.026399999856948853,0.022299999371171,0.020400000736117363,0.020999999716877937,0.02089999988675117,0.0364999994635582,0.0364999994635582,0.034299999475479126,0.032600000500679016,0.030099999159574512,0.032999999821186066,0.026399999856948853,0.024299999698996544,0.020999999716877937,0.018400000408291817,0.03099999949336052,0.0333000011742115,0.03209999948740005,0.030700000002980232,0.032999999821186066,0.035500001162290566,0.03130000084638596,0.031599998474121094,0.02370000071823597,0.020400000736117363,0.03539999946951866,0.037000000476837165,0.035100001841783524,0.03539999946951866,0.03720000013709068,0.0348999984562397,0.03440000116825104,0.0348999984562397,0.03400000184774399,0.03290000185370445,0.03559999912977218,0.033799998462200165,0.03840000182390213,0.03579999879002571,0.03500000014901161,0.03099999949336052,0.03020000085234642,0.037399999797344215,0.038600001484155655,0.03449999913573265,0.03530000150203705,0.030500000342726707,0.02319999970495701,0.022299999371171,0.0210999995470047,0.030899999663233764,0.02410000003874302,0.02219999954104424,0.01979999989271164,0.017100000753998756,0.032999999821186066,0.030300000682473183,0.0248000007122755,0.0340999998152256,0.030700000002980232,0.034299999475479126,0.029300000518560413,0.02500000037252903,0.0227000005543232,0.01820000074803829,0.036299999803304665,0.036299999803304665,0.03579999879002571,0.03440000116825104,0.03209999948740005,0.9700968265533448,,,,,,
150,StandardLoss,0.31919997930526733,49.0,,layer_weight,standard,2.0,19550,0.6773999929428101,0.6664999723434448,0.6495000123977661,0.6229000091552734,0.5565000176429749,0.6808000206947327,0.6633999943733215,0.5672000050544739,0.48089998960495,0.35499998927116394,0.124099999666214,0.6765000224113464,0.6373000144958496,0.5465999841690063,0.4476999938488007,0.3003999888896942,0.5738000273704529,0.578499972820282,0.520799994468689,0.4569000005722046,0.4047000110149384,0.6700999736785889,0.6274999976158142,0.5792999863624573,0.5085999965667725,0.29679998755455017,0.5612000226974487,0.4693000018596649,0.3513000011444092,0.33959999680519104,0.25270000100135803,0.6758999824523926,0.5436000227928162,0.43140000104904175,0.3325000107288361,0.21860000491142276,0.3296999931335449,0.1800999939441681,0.10840000212192537,0.08860000222921371,0.07509999722242355,0.20600000023841855,0.21359999477863312,0.2380000054836273,0.16110000014305115,0.18649999797344208,0.4805999994277954,0.289000004529953,0.1762000024318695,0.07989999651908875,0.050799999386072166,0.5139999985694885,0.4431000053882599,0.4237000048160553,0.3978999853134155,0.36660000681877136,0.5846999883651733,0.4952000081539154,0.4203000068664551,0.4201000034809113,0.3481999933719635,0.629800021648407,0.5144000053405762,0.4560999870300293,0.26820001006126404,0.14309999346733093,0.5523999929428101,0.4677000045776367,0.656499981880188,0.5623000264167786,0.4593000113964081,0.4336000084877014,0.3149000108242035,0.15449999272823334,0.12240000069141388,0.08699999749660492,0.5799000263214111,0.4162000119686127,0.4648000001907349,0.4365000128746033,0.3727999925613403,0.6359999775886536,0.553600013256073,0.4790999889373779,0.5338000059127808,0.3919000029563904,0.4510999917984009,0.27140000462532043,0.2137999981641769,0.13670000433921814,0.09939999878406523,0.5483999848365784,0.5151000022888184,0.45480000972747797,0.4075999855995178,0.3452000021934509,0.5918663144111633,,,,,,
150,StandardLoss,0.3325999975204468,49.0,,layer_weight,standard,4.0,19550,0.6672999858856201,0.654699981212616,0.6370000243186951,0.6107000112533569,0.5490999817848206,0.6674000024795532,0.6389999985694885,0.5375000238418579,0.4542999863624573,0.3327000141143799,0.12099999934434892,0.6629999876022339,0.6154000163078308,0.5304999947547913,0.440200001001358,0.2985999882221222,0.5669999718666077,0.5612000226974487,0.5080000162124634,0.4514999985694885,0.3991000056266785,0.6521000266075134,0.6035000085830688,0.5526000261306763,0.4790000021457672,0.2775000035762787,0.5425999760627747,0.4453000128269196,0.3319000005722046,0.3210000097751617,0.23240000009536746,0.6622999906539917,0.5285000205039978,0.4223999977111816,0.33889999985694885,0.2216999977827072,0.2851000130176544,0.15680000185966492,0.09629999846220016,0.07829999923706055,0.06679999828338623,0.19840000569820404,0.2143000066280365,0.2401999980211258,0.15839999914169312,0.17659999430179596,0.4842000007629394,0.2921999990940094,0.17339999973773956,0.07289999723434447,0.04690000042319298,0.5098000168800354,0.4433000087738037,0.4203000068664551,0.3946999907493591,0.3641000092029572,0.5619999766349792,0.4763000011444092,0.4077999889850617,0.4101000130176544,0.3431000113487244,0.6085000038146973,0.4986999928951264,0.4318000078201294,0.2506999969482422,0.13819999992847445,0.5378999710083008,0.4535000026226044,0.63919997215271,0.5462999939918518,0.4440000057220459,0.3953000009059906,0.2720000147819519,0.1356000006198883,0.10909999907016754,0.0771000012755394,0.569100022315979,0.39660000801086426,0.44690001010894775,0.4246000051498413,0.3565999865531921,0.6223999857902527,0.546999990940094,0.4661000072956085,0.5309000015258789,0.39660000801086426,0.4106999933719635,0.2461999952793121,0.1914999932050705,0.12620000541210175,0.08510000258684157,0.5347999930381775,0.5041000247001648,0.4492000043392181,0.4038000106811523,0.34850001335144043,0.605088472366333,,,,,,
150,StandardLoss,0.3812999725341797,49.0,,layer_weight,standard,8.0,19550,0.6175000071525574,0.6057999730110168,0.5867000222206116,0.5631999969482422,0.4991999864578247,0.6187000274658203,0.595300018787384,0.4747999906539917,0.3819000124931336,0.2610999941825867,0.09200000017881392,0.616100013256073,0.573199987411499,0.4857999980449677,0.4147999882698059,0.290800005197525,0.5224000215530396,0.519599974155426,0.4717999994754791,0.4160999953746796,0.3659000098705292,0.6089000105857849,0.548799991607666,0.4925999939441681,0.4158999919891357,0.2286999970674515,0.4907999932765961,0.39890000224113453,0.28279998898506165,0.26640000939369196,0.1875,0.6169000267982483,0.4824999868869782,0.3941999971866608,0.32589998841285706,0.2318000048398972,0.23170000314712524,0.13410000503063202,0.09210000187158583,0.07750000059604645,0.0714000016450882,0.17910000681877136,0.19269999861717224,0.21709999442100525,0.14749999344348907,0.17329999804496765,0.4801999926567078,0.32019999623298645,0.21150000393390656,0.10119999945163727,0.06210000067949295,0.4891999959945679,0.42579999566078186,0.4054000079631805,0.3847000002861023,0.3553000092506409,0.5181000232696533,0.44589999318122864,0.3763000071048737,0.3783999979496002,0.3176000118255615,0.5437999963760376,0.4194999933242798,0.3495999872684479,0.18790000677108765,0.10830000042915344,0.4794999957084656,0.4056999981403351,0.5863999724388123,0.4902999997138977,0.3970000147819519,0.3319999873638153,0.2277999967336655,0.1243000030517578,0.0989999994635582,0.08110000193119049,0.5218999981880188,0.3456000089645386,0.4050999879837036,0.38479998707771296,0.3102000057697296,0.5810999870300293,0.5067999958992004,0.4325000047683716,0.4896000027656555,0.3783999979496002,0.34769999980926514,0.21220000088214874,0.1680999994277954,0.1202000007033348,0.09290000051259996,0.4873000085353851,0.4544000029563904,0.4068000018596649,0.3745000064373016,0.3285000026226044,0.6389915943145752,,,,,,
150,StandardLoss,0.5322000086307526,49.0,,layer_weight,standard,16.0,19550,0.4596999883651733,0.4471000134944916,0.4287000000476837,0.4025999903678894,0.3402999937534332,0.4677999913692474,0.4309999942779541,0.2883000075817108,0.2070000022649765,0.12680000066757202,0.043699998408555984,0.4614999890327454,0.4147000014781952,0.3382999897003174,0.2703000009059906,0.1858000010251999,0.3842000067234039,0.37380000948905945,0.3411000072956085,0.314300000667572,0.29580000042915344,0.4483000040054321,0.3790000081062317,0.3098999857902527,0.24220000207424164,0.12479999661445618,0.35769999027252203,0.2809000015258789,0.1996999979019165,0.19110000133514404,0.13369999825954434,0.4614999890327454,0.33649998903274536,0.2615000009536743,0.20509999990463254,0.1379999965429306,0.13680000603199005,0.08240000158548355,0.049699999392032616,0.0421999990940094,0.03290000185370445,0.16089999675750732,0.17010000348091125,0.20100000500679016,0.13729999959468842,0.16179999709129333,0.3767000138759613,0.2687000036239624,0.1897999942302704,0.11140000075101852,0.0681999996304512,0.4070000052452088,0.3806999921798706,0.3682999908924103,0.35190001130104065,0.33799999952316284,0.3741999864578247,0.3091000020503998,0.2624000012874603,0.26339998841285706,0.2291000038385391,0.396699994802475,0.27259999513626104,0.21299999952316284,0.13109999895095825,0.10440000146627426,0.3257000148296356,0.273499995470047,0.4205999970436096,0.3131000101566315,0.2338999956846237,0.2034000009298325,0.13760000467300415,0.08150000125169754,0.06499999761581421,0.04780000075697899,0.3824999928474426,0.24289999902248385,0.28439998626708984,0.2583000063896179,0.20069999992847445,0.4377000033855438,0.3743999898433685,0.3050000071525574,0.3903999924659729,0.3149999976158142,0.21789999306201932,0.13740000128746033,0.11460000276565553,0.07769999653100967,0.057300001382827766,0.3388000130653381,0.3163000047206879,0.2804999947547913,0.2502000033855438,0.21449999511241916,0.7419441938400269,,,,,,
150,StandardLoss,0.938900001347065,49.0,,layer_weight,standard,32.0,19550,0.05880000069737434,0.0511000007390976,0.04190000146627426,0.03519999980926514,0.028100000694394108,0.06109999865293503,0.054200001060962684,0.03709999844431877,0.030799999833106995,0.023099999874830246,0.019099999219179157,0.06109999865293503,0.06239999830722809,0.06159999966621399,0.0608999989926815,0.0584000013768673,0.058899998664855964,0.060199998319149024,0.059999998658895486,0.061000000685453415,0.06040000170469284,0.057300001382827766,0.04529999941587448,0.037399999797344215,0.028300000354647636,0.02459999918937683,0.039299998432397835,0.03060000017285347,0.028100000694394108,0.028599999845027924,0.03139999881386757,0.06080000102519989,0.06129999831318855,0.059999998658895486,0.058699999004602425,0.05640000104904175,0.0608999989926815,0.059999998658895486,0.05260000005364418,0.053599998354911804,0.04839999973773956,0.06239999830722809,0.061400000005960464,0.06120000034570694,0.061400000005960464,0.059399999678134925,0.06310000270605087,0.05660000070929527,0.05510000139474869,0.04859999939799309,0.04419999942183495,0.06190000101923944,0.061400000005960464,0.06030000001192092,0.06040000170469284,0.062300000339746475,0.06109999865293503,0.059099998325109475,0.058600001037120826,0.05719999969005585,0.0560000017285347,0.06129999831318855,0.06010000035166741,0.06109999865293503,0.062300000339746475,0.06179999932646753,0.05299999937415123,0.052700001746416085,0.059399999678134925,0.059099998325109475,0.0544000007212162,0.06190000101923944,0.06109999865293503,0.05719999969005585,0.05649999901652336,0.05150000005960465,0.057900000363588326,0.046599999070167535,0.04399999976158142,0.03500000014901161,0.026599999517202374,0.06120000034570694,0.060199998319149024,0.05490000173449516,0.06199999898672104,0.06239999830722809,0.0625,0.06279999762773514,0.06010000035166741,0.058499999344348914,0.050599999725818634,0.06049999967217445,0.06010000035166741,0.058899998664855964,0.058600001037120826,0.0551999993622303,0.9468252658843994,,,,,,
