,group,method,ratio,test_acc_brightness_1,test_acc_brightness_2,test_acc_brightness_3,test_acc_brightness_4,test_acc_brightness_5,test_acc_clean,test_acc_contrast_1,test_acc_contrast_2,test_acc_contrast_3,test_acc_contrast_4,test_acc_contrast_5,test_acc_defocus_blur_1,test_acc_defocus_blur_2,test_acc_defocus_blur_3,test_acc_defocus_blur_4,test_acc_defocus_blur_5,test_acc_elastic_transform_1,test_acc_elastic_transform_2,test_acc_elastic_transform_3,test_acc_elastic_transform_4,test_acc_elastic_transform_5,test_acc_fog_1,test_acc_fog_2,test_acc_fog_3,test_acc_fog_4,test_acc_fog_5,test_acc_frost_1,test_acc_frost_2,test_acc_frost_3,test_acc_frost_4,test_acc_frost_5,test_acc_gaussian_blur_1,test_acc_gaussian_blur_2,test_acc_gaussian_blur_3,test_acc_gaussian_blur_4,test_acc_gaussian_blur_5,test_acc_gaussian_noise_1,test_acc_gaussian_noise_2,test_acc_gaussian_noise_3,test_acc_gaussian_noise_4,test_acc_gaussian_noise_5,test_acc_glass_blur_1,test_acc_glass_blur_2,test_acc_glass_blur_3,test_acc_glass_blur_4,test_acc_glass_blur_5,test_acc_impulse_noise_1,test_acc_impulse_noise_2,test_acc_impulse_noise_3,test_acc_impulse_noise_4,test_acc_impulse_noise_5,test_acc_jpeg_compression_1,test_acc_jpeg_compression_2,test_acc_jpeg_compression_3,test_acc_jpeg_compression_4,test_acc_jpeg_compression_5,test_acc_motion_blur_1,test_acc_motion_blur_2,test_acc_motion_blur_3,test_acc_motion_blur_4,test_acc_motion_blur_5,test_acc_pixelate_1,test_acc_pixelate_2,test_acc_pixelate_3,test_acc_pixelate_4,test_acc_pixelate_5,test_acc_saturate_1,test_acc_saturate_2,test_acc_saturate_3,test_acc_saturate_4,test_acc_saturate_5,test_acc_shot_noise_1,test_acc_shot_noise_2,test_acc_shot_noise_3,test_acc_shot_noise_4,test_acc_shot_noise_5,test_acc_snow_1,test_acc_snow_2,test_acc_snow_3,test_acc_snow_4,test_acc_snow_5,test_acc_spatter_1,test_acc_spatter_2,test_acc_spatter_3,test_acc_spatter_4,test_acc_spatter_5,test_acc_speckle_noise_1,test_acc_speckle_noise_2,test_acc_speckle_noise_3,test_acc_speckle_noise_4,test_acc_speckle_noise_5,test_acc_zoom_blur_1,test_acc_zoom_blur_2,test_acc_zoom_blur_3,test_acc_zoom_blur_4,test_acc_zoom_blur_5,clean_error,mCE
105,augmix,global_weight,15145018.0,0.6934000253677368,0.6872000098228455,0.6758000254631042,0.6582000255584717,0.6093999743461609,0.6969000101089478,0.6844000220298767,0.6464999914169312,0.6032999753952026,0.5297999978065491,0.26249998807907104,0.6933000087738037,0.6840000152587891,0.6633999943733215,0.6363999843597412,0.5601999759674072,0.638700008392334,0.6484000086784363,0.6319000124931335,0.5759000182151794,0.5123000144958496,0.6876000165939331,0.6532999873161316,0.6075000166893005,0.5299999713897705,0.3391000032424927,0.6509000062942505,0.6037999987602234,0.5224000215530396,0.5131000280380249,0.44690001010894775,0.6919000148773193,0.6633999943733215,0.6369000077247621,0.6047000288963318,0.5202999711036682,0.6046000123023987,0.5149999856948853,0.4305999875068665,0.3964000046253204,0.3522999882698059,0.3982999920845032,0.4074999988079071,0.4296999871730805,0.3034999966621399,0.32589998841285706,0.616100013256073,0.5324000120162964,0.4492000043392181,0.3086000084877014,0.20160000026226044,0.630299985408783,0.595300018787384,0.5864999890327454,0.5673999786376953,0.5475999712944031,0.6628000140190125,0.6190000176429749,0.5673999786376953,0.5680000185966492,0.5084999799728394,0.6758999824523926,0.6499000191688538,0.633400022983551,0.5494999885559082,0.4255999922752381,0.5697000026702881,0.48930001258850103,0.6722000241279602,0.6061000227928162,0.5364999771118164,0.6481000185012817,0.6103000044822693,0.5029000043869019,0.4598000049591065,0.3944000005722046,0.6442000269889832,0.5587000250816345,0.5591999888420105,0.5329999923706055,0.4981000125408173,0.6690000295639038,0.6119999885559082,0.5501000285148621,0.6157000064849854,0.5382000207901001,0.6543999910354614,0.5925999879837036,0.5598999857902527,0.4828000068664551,0.41220000386238104,0.6553000211715698,0.6506999731063843,0.631600022315979,0.6100999712944031,0.5722000002861023,0.30309998989105225,0.43946041399613023
105,standard,global_weight,15145018.0,0.6861000061035156,0.6744999885559082,0.6607999801635742,0.6380000114440918,0.5770000219345093,0.6873999834060669,0.6657999753952026,0.5791000127792358,0.5026999711990356,0.3743000030517578,0.12150000035762787,0.6811000108718872,0.6503000259399414,0.574999988079071,0.4898999929428101,0.3255000114440918,0.6033999919891357,0.6065999865531921,0.5558000206947327,0.5113000273704529,0.4781000018119812,0.673799991607666,0.6280999779701233,0.5717999935150146,0.4972000122070313,0.3050999939441681,0.6173999905586243,0.5400000214576721,0.4438000023365021,0.4296999871730805,0.34769999980926514,0.6811000108718872,0.5716999769210815,0.4853000044822693,0.4032000005245209,0.26840001344680786,0.4643999934196472,0.29829999804496765,0.18780000507831573,0.14650000631809235,0.11879999935626985,0.2536999881267548,0.26440000534057617,0.3273000121116638,0.18000000715255735,0.23019999265670776,0.4248000085353851,0.24230000376701355,0.15710000693798065,0.08389999717473984,0.050799999386072166,0.6053000092506409,0.5515999794006348,0.5333999991416931,0.5098999738693237,0.4769999980926514,0.6158999800682068,0.5393000245094299,0.4566999971866608,0.4603999853134155,0.3901999890804291,0.6693000197410583,0.640500009059906,0.6169999837875366,0.5245000123977661,0.375900000333786,0.5428000092506409,0.4553999900817871,0.65829998254776,0.5760999917984009,0.481799989938736,0.5569999814033508,0.44040000438690186,0.24869999289512634,0.195700004696846,0.13279999792575836,0.5914999842643738,0.4742000102996826,0.4966999888420105,0.4772999882698059,0.4325999915599823,0.6269999742507935,0.5320000052452087,0.4589999914169312,0.5013999938964844,0.3598000109195709,0.5570999979972839,0.3804000020027161,0.31349998712539673,0.20170000195503235,0.1339000016450882,0.5859000086784363,0.5529000163078308,0.5069000124931335,0.4553999900817871,0.39250001311302185,0.3126000165939331,0.5434750011578824
105,augmix,global_weight,25451394.0,0.7139000296592712,0.7082999944686891,0.6985999941825867,0.6818000078201294,0.6353999972343445,0.7163000106811523,0.7062000036239624,0.6651999950408936,0.6294999718666077,0.5630999803543091,0.3127999901771545,0.7124000191688538,0.701200008392334,0.6843000054359436,0.6571999788284302,0.5888000130653381,0.6592000126838684,0.6657999753952026,0.6521000266075134,0.5993999838829039,0.5307999849319458,0.7078999876976013,0.6697999835014343,0.6248999834060669,0.5421000123023987,0.3492999970912933,0.6728000044822693,0.6269999742507935,0.5512999892234802,0.5400999784469604,0.4672999978065491,0.7120000123977661,0.6837999820709229,0.6614000201225281,0.6291000247001648,0.5501000285148621,0.6438000202178955,0.5622000098228455,0.4805000126361847,0.4401000142097473,0.4013999998569489,0.4334000051021576,0.4424999952316284,0.458299994468689,0.3276999890804291,0.3495000004768372,0.6380000114440918,0.5612000226974487,0.4790999889373779,0.3355999886989593,0.2337000072002411,0.6546000242233276,0.6238999962806702,0.6079999804496765,0.5920000076293945,0.5748999714851379,0.682200014591217,0.6450999975204468,0.5924000144004822,0.5978000164031982,0.5393999814987183,0.7005000114440918,0.6801999807357788,0.6657999753952026,0.5960000157356262,0.4896000027656555,0.592199981212616,0.5103999972343445,0.6920999884605408,0.6297000050544739,0.5598000288009644,0.6775000095367432,0.6420000195503235,0.5482000112533569,0.5073000192642212,0.4420999884605408,0.6676999926567078,0.5875999927520752,0.5806999802589417,0.5496000051498413,0.5238000154495239,0.6891999840736389,0.6401000022888184,0.5734000205993652,0.6419000029563904,0.5694000124931335,0.6822999715805054,0.6298999786376953,0.5958999991416931,0.5296000242233276,0.4562000036239624,0.6743000149726868,0.6715999841690063,0.6528000235557556,0.6301000118255615,0.5931000113487244,0.28369998931884766,0.41207187405476964
105,standard,global_weight,25451394.0,0.6991000175476074,0.689300000667572,0.671500027179718,0.6463000178337097,0.5767999887466431,0.7021999955177307,0.6823999881744385,0.5885000228881836,0.5048999786376953,0.375,0.1256999969482422,0.6995999813079834,0.6650999784469604,0.5946000218391418,0.5102000236511229,0.3397000133991241,0.6173999905586243,0.6230000257492065,0.5759000182151794,0.5267999768257141,0.4889000058174133,0.6894000172615051,0.6419000029563904,0.5909000039100647,0.5048999786376953,0.3192000091075897,0.6348999738693237,0.5605999827384949,0.460099995136261,0.4499000012874603,0.3677999973297119,0.6998000144958496,0.5906000137329102,0.5024999976158142,0.4214000105857849,0.28119999170303345,0.4995000064373016,0.3181999921798706,0.20469999313354487,0.16259999573230746,0.13439999520778656,0.2698999941349029,0.28029999136924744,0.3350000083446503,0.1915999948978424,0.2430000007152557,0.4266999959945679,0.2451999932527542,0.15309999883174896,0.08590000122785567,0.052400000393390656,0.625,0.5776000022888184,0.5577999949455261,0.5335999727249146,0.5019999742507935,0.6355000138282776,0.5511000156402588,0.4657999873161316,0.4665000140666962,0.3950000107288361,0.6851000189781189,0.6596999764442444,0.6414999961853027,0.5651999711990356,0.4248000085353851,0.5684999823570251,0.4812999963760376,0.6705999970436096,0.5863000154495239,0.4934999942779541,0.5849999785423279,0.4763999879360199,0.27140000462532043,0.21480000019073486,0.1462000012397766,0.6061000227928162,0.4803000092506409,0.5077000260353088,0.48930001258850103,0.43810001015663147,0.6363000273704529,0.5342000126838684,0.4666000008583069,0.5073999762535095,0.3463000059127808,0.5813999772071838,0.4169000089168549,0.34130001068115234,0.22190000116825104,0.1395999938249588,0.6047000288963318,0.5706999897956848,0.5254999995231628,0.47650000452995295,0.4108999967575073,0.2978000044822693,0.5280999994526308
105,augmix,global_weight,41601243.0,0.7161999940872192,0.7111999988555908,0.7009999752044678,0.6868000030517578,0.6434999704360962,0.7185999751091003,0.7062000036239624,0.6650999784469604,0.6256999969482422,0.5565999746322632,0.3127999901771545,0.7174999713897705,0.7067000269889832,0.6919000148773193,0.6651999950408936,0.597100019454956,0.6610999703407288,0.6668000221252441,0.6570000052452087,0.6019999980926514,0.5360000133514404,0.7109000086784363,0.6721000075340271,0.623199999332428,0.5368999838829039,0.34369999170303345,0.6808000206947327,0.6327000260353088,0.5554999709129333,0.5446000099182129,0.4742000102996826,0.717199981212616,0.6909999847412109,0.6635000109672546,0.637499988079071,0.5580000281333923,0.6554999947547913,0.5827999711036682,0.4975000023841858,0.4593999981880188,0.41999998688697815,0.4535999894142151,0.4603999853134155,0.4711999893188477,0.34470000863075256,0.3632000088691712,0.6503000259399414,0.5760999917984009,0.49549999833107,0.3565999865531921,0.2558000087738037,0.6660000085830688,0.633400022983551,0.6194999814033508,0.605400025844574,0.5827000141143799,0.6902999877929688,0.6571999788284302,0.6021000146865845,0.6050999760627747,0.5503000020980835,0.7074000239372253,0.6861000061035156,0.6741999983787537,0.6128000020980835,0.4939000010490418,0.6011000275611877,0.5221999883651733,0.6962000131607056,0.6453999876976013,0.5834000110626221,0.6866000294685364,0.6571999788284302,0.5712000131607056,0.5274999737739563,0.4602999985218048,0.6743000149726868,0.597000002861023,0.5911999940872192,0.5573999881744385,0.5282999873161316,0.6895999908447266,0.6453999876976013,0.5784000158309937,0.6385999917984009,0.569599986076355,0.6919999718666077,0.6402999758720398,0.6147000193595886,0.5479999780654907,0.4824999868869782,0.6811000108718872,0.6762999892234802,0.6632999777793884,0.6455000042915344,0.6072999835014343,0.28140002489089966,0.40325312719990813
105,standard,global_weight,41601243.0,0.701200008392334,0.6924999952316284,0.6729999780654907,0.6498000025749207,0.5819000005722046,0.7075999975204468,0.6829000115394592,0.5874000191688538,0.5013999938964844,0.3644999861717224,0.11990000307559967,0.7006999850273132,0.666700005531311,0.5932000279426575,0.5101000070571899,0.3386000096797943,0.6248999834060669,0.6258999705314636,0.5810999870300293,0.5354999899864197,0.4990000128746033,0.6909000277519226,0.644599974155426,0.5899999737739563,0.5037999749183655,0.30730000138282776,0.6392999887466431,0.5577999949455261,0.4575000107288361,0.4408000111579895,0.36000001430511475,0.7002000212669373,0.5892999768257141,0.5023000240325928,0.4230000078678131,0.28519999980926514,0.5141999721527101,0.32899999618530273,0.2038999944925308,0.16040000319480896,0.124099999666214,0.2696000039577484,0.2782000005245209,0.3440999984741211,0.1873999983072281,0.2449000030755997,0.4384999871253967,0.24699999392032626,0.14970000088214874,0.07039999961853027,0.038499999791383736,0.6344000101089478,0.5859000086784363,0.5691999793052673,0.5432999730110168,0.5119000077247621,0.6344000101089478,0.5572999715805054,0.4706999957561493,0.4740000069141388,0.4025999903678894,0.6942999958992004,0.6692000031471252,0.6506000161170961,0.5867999792098999,0.4521999955177307,0.5720000267028809,0.4787000119686127,0.6786999702453613,0.5997999906539917,0.5056999921798706,0.6022999882698059,0.4957000017166138,0.27900001406669617,0.2069000005722046,0.13420000672340393,0.6126000285148621,0.4945000112056732,0.5184000134468079,0.494599997997284,0.4399999976158142,0.6467000246047974,0.5426999926567078,0.4747999906539917,0.5110999941825867,0.3479999899864197,0.6017000079154968,0.4287999868392944,0.3492999970912933,0.2134999930858612,0.12960000336170194,0.6057999730110168,0.5727000236511229,0.5246999859809875,0.4776999950408936,0.4154999852180481,0.2924000024795532,0.5247687513862427
105,augmix,global_weight,65783902.0,0.718500018119812,0.7129999995231628,0.7013999819755554,0.6883000135421753,0.6413000226020813,0.7182000279426575,0.7117999792098999,0.6711999773979187,0.630299985408783,0.5576000213623047,0.3014000058174133,0.7185999751091003,0.7074999809265137,0.6930999755859375,0.6682000160217285,0.5993000268936157,0.6643000245094299,0.6718000173568726,0.6588000059127808,0.6022999882698059,0.5354999899864197,0.7081000208854675,0.676800012588501,0.6269000172615051,0.5451999902725221,0.3486999869346619,0.6793000102043152,0.6345999836921692,0.5612999796867371,0.5534999966621399,0.484499990940094,0.7182000279426575,0.6894999742507935,0.6693000197410583,0.6388000249862671,0.5679000020027161,0.6550999879837036,0.5859000086784363,0.5146999955177307,0.4715000092983246,0.4356000125408173,0.4519000053405762,0.46279999613761896,0.472900003194809,0.34940001368522644,0.3650000095367432,0.6543999910354614,0.5781999826431274,0.4988000094890594,0.35830000042915344,0.2513000071048737,0.6646999716758728,0.6323999762535095,0.6176000237464905,0.6043999791145325,0.5821999907493591,0.6883000135421753,0.6556000113487244,0.607699990272522,0.6061999797821045,0.5554999709129333,0.7121999859809875,0.6890000104904175,0.6804999709129333,0.6226999759674072,0.5178999900817871,0.5996000170707703,0.5213000178337097,0.6977000236511229,0.6452000141143799,0.5821999907493591,0.6851000189781189,0.6575000286102295,0.5756999850273132,0.5389000177383423,0.4754999876022339,0.6758999824523926,0.5932000279426575,0.5871000289916992,0.557699978351593,0.5327000021934509,0.692300021648407,0.642300009727478,0.5770000219345093,0.6499999761581421,0.5788999795913696,0.6930000185966492,0.642799973487854,0.6158000230789185,0.5497999787330627,0.4896999895572662,0.6812999844551086,0.6773999929428101,0.6647999882698059,0.6430000066757202,0.6108999848365784,0.28179997205734253,0.40049999983360374
105,standard,global_weight,65783902.0,0.7074999809265137,0.6937000155448914,0.6786999702453613,0.6542999744415283,0.5802000164985657,0.7081000208854675,0.6894000172615051,0.5898000001907349,0.5023999810218811,0.3578999936580658,0.11100000143051147,0.7027999758720398,0.6650999784469604,0.5961999893188477,0.5110999941825867,0.3472999930381775,0.6295999884605408,0.6272000074386597,0.5875999927520752,0.5467000007629395,0.5048999786376953,0.6958000063896179,0.6517000198364258,0.588699996471405,0.5066999793052673,0.3016999959945679,0.6456000208854675,0.5666000247001648,0.4657999873161316,0.4548999965190888,0.3727999925613403,0.7024000287055969,0.5929999947547913,0.5062000155448914,0.4230000078678131,0.28760001063346863,0.5245000123977661,0.3319999873638153,0.2071000039577484,0.16259999573230746,0.1256999969482422,0.2804000079631805,0.2921999990940094,0.3585000038146973,0.20360000431537628,0.2549000084400177,0.4449000060558319,0.24549999833106995,0.1501999944448471,0.07079999893903732,0.04129999876022339,0.6348999738693237,0.5910999774932861,0.574999988079071,0.5505999922752379,0.5217999815940857,0.6371999979019165,0.5564000010490417,0.4740999937057495,0.4700999855995178,0.4027999937534332,0.6960999965667725,0.6704999804496765,0.660099983215332,0.5983999967575073,0.4616999924182892,0.5724999904632568,0.4866999983787537,0.6798999905586243,0.5974000096321106,0.5012000203132629,0.6083999872207642,0.5019000172615051,0.28119999170303345,0.21330000460147855,0.13729999959468842,0.6248999834060669,0.5041999816894531,0.5263000130653381,0.5048000216484071,0.451200008392334,0.6496999859809875,0.5543000102043152,0.4884999990463257,0.5213999748229979,0.362199991941452,0.6040999889373779,0.4388000071048737,0.3513000011444092,0.21570000052452087,0.13040000200271604,0.6047000288963318,0.5766000151634216,0.5309000015258789,0.4848000109195709,0.4201000034809113,0.29189997911453247,0.5200656266727794
105,augmix,global_weight,97586975.0,0.7178000211715698,0.7146999835968018,0.7034000158309937,0.6858999729156494,0.6394000053405762,0.7208999991416931,0.7106999754905701,0.6672999858856201,0.6248000264167786,0.5558000206947327,0.294299989938736,0.7167999744415283,0.7106000185012817,0.6923999786376953,0.667900025844574,0.5968000292778015,0.6632000207901001,0.6700999736785889,0.6593000292778015,0.6111000180244446,0.5439000129699707,0.7124000191688538,0.6758000254631042,0.6230000257492065,0.5429999828338623,0.34940001368522644,0.6840000152587891,0.6348999738693237,0.5648000240325928,0.5575000047683716,0.4864999949932098,0.717199981212616,0.692300021648407,0.669700026512146,0.6370999813079834,0.5568000078201294,0.6528000235557556,0.5835999846458435,0.5045999884605408,0.4623999893665314,0.4241000115871429,0.4499000012874603,0.4632999897003174,0.4824999868869782,0.35089999437332153,0.3659000098705292,0.6545000076293945,0.5824000239372253,0.4984000027179718,0.35179999470710754,0.2477000057697296,0.6686999797821045,0.6371999979019165,0.6220999956130981,0.6096000075340271,0.5902000069618225,0.6873999834060669,0.6538000106811523,0.6014000177383423,0.5993999838829039,0.5461000204086304,0.7113000154495239,0.692300021648407,0.6815999746322632,0.6183000206947327,0.5088000297546387,0.6044999957084656,0.5241000056266785,0.6948000192642212,0.63919997215271,0.5748999714851379,0.6855999827384949,0.6571999788284302,0.5692999958992004,0.527400016784668,0.4675000011920929,0.6783999800682068,0.602400004863739,0.5940999984741211,0.5559999942779541,0.5335000157356262,0.6998999714851379,0.6503999829292297,0.5813999772071838,0.6543999910354614,0.5892000198364258,0.6927000284194946,0.6442999839782715,0.6168000102043152,0.5460000038146973,0.4806999862194061,0.6837000250816345,0.6800000071525574,0.6665999889373779,0.6427000164985657,0.602400004863739,0.2791000008583069,0.40088958137979114
105,standard,global_weight,97586975.0,0.7075999975204468,0.6995000243186951,0.679099977016449,0.6554999947547913,0.5893999934196472,0.7084000110626221,0.6887000203132629,0.5934000015258789,0.512499988079071,0.3698999881744385,0.1143999993801117,0.7045999765396118,0.6690000295639038,0.5967000126838684,0.5133000016212463,0.34529998898506165,0.6297000050544739,0.6276999711990356,0.5857999920845032,0.5483000278472899,0.5113999843597412,0.6955000162124634,0.6520000100135803,0.5961999893188477,0.5103999972343445,0.3075000047683716,0.6445000171661377,0.5651000142097473,0.460099995136261,0.4440000057220459,0.3639999926090241,0.7042999863624573,0.5950999855995178,0.5062000155448914,0.4214999973773956,0.2919999957084656,0.5184999704360962,0.3267999887466431,0.2061000019311905,0.16290000081062314,0.12999999523162842,0.265500009059906,0.2773000001907349,0.3492999970912933,0.18299999833106995,0.2436999976634979,0.439300000667572,0.24250000715255735,0.1453000009059906,0.0697999969124794,0.04170000180602074,0.6377000212669373,0.5936999917030334,0.5720000267028809,0.5507000088691711,0.520799994468689,0.6392999887466431,0.5620999932289124,0.477400004863739,0.4758000075817108,0.4081999957561493,0.6951000094413757,0.6717000007629395,0.659500002861023,0.5978999733924866,0.4620999991893768,0.5723000168800354,0.488400012254715,0.6798999905586243,0.6039000153541565,0.5094000101089478,0.6050999760627747,0.4927999973297119,0.2775999903678894,0.21230000257492065,0.13760000467300415,0.6189000010490417,0.4893999993801117,0.5173000097274779,0.499099999666214,0.4474000036716461,0.6463999748229979,0.5450000166893005,0.4765999913215637,0.5131999850273132,0.35010001063346863,0.5993000268936157,0.42989999055862427,0.34470000863075256,0.21649999916553495,0.13210000097751615,0.6101999878883362,0.5755000114440918,0.531499981880188,0.483599990606308,0.42289999127388,0.29159998893737793,0.5212166667527829
105,augmix,l1_channels,4351797.0,0.1679999977350235,0.16500000655651093,0.15680000185966492,0.14949999749660492,0.13130000233650208,0.16940000653266907,0.1647000014781952,0.12039999663829805,0.0908000022172928,0.058299999684095376,0.025100000202655792,0.16910000145435333,0.15889999270439148,0.14339999854564667,0.12380000203847885,0.098300002515316,0.15119999647140506,0.1527000069618225,0.13830000162124634,0.14429999887943268,0.1459999978542328,0.1694999933242798,0.14059999585151672,0.12229999899864195,0.10300000011920928,0.06570000201463701,0.15199999511241913,0.12439999729394913,0.0948999971151352,0.08869999647140503,0.07079999893903732,0.16850000619888306,0.14319999516010284,0.12399999797344208,0.10830000042915344,0.08709999918937683,0.11060000211000444,0.08309999853372574,0.06840000301599503,0.06010000035166741,0.054999999701976776,0.11379999667406082,0.12150000035762787,0.1307000070810318,0.10019999742507936,0.1160999983549118,0.12030000239610672,0.09189999848604202,0.0723000019788742,0.0560000017285347,0.045499999076128006,0.15649999678134918,0.15309999883174896,0.1492999941110611,0.1485999971628189,0.1430000066757202,0.15760000050067902,0.13490000367164612,0.121799997985363,0.121799997985363,0.10920000076293944,0.16519999504089355,0.15850000083446505,0.1607999950647354,0.1509000062942505,0.148499995470047,0.12370000034570695,0.10649999976158142,0.1387999951839447,0.11020000278949738,0.08969999849796295,0.1243000030517578,0.10159999877214433,0.07760000228881836,0.07010000199079514,0.058299999684095376,0.13729999959468842,0.10570000112056732,0.11460000276565553,0.11349999904632567,0.10159999877214433,0.14920000731945038,0.11819999665021895,0.10369999706745148,0.12770000100135806,0.0989999994635582,0.12210000306367876,0.0908000022172928,0.08219999819993973,0.0689999982714653,0.06030000001192092,0.1501999944448471,0.14350000023841858,0.13369999825954434,0.12759999930858612,0.11779999732971193,0.8305999934673309,0.8814375002402812
105,standard,l1_channels,4351797.0,0.18219999969005585,0.1761000007390976,0.16680000722408295,0.15770000219345093,0.13410000503063202,0.18649999797344208,0.17000000178813934,0.11150000244379044,0.07850000262260437,0.04850000143051148,0.0198999997228384,0.1807000041007996,0.16169999539852142,0.1395999938249588,0.12160000205039978,0.09049999713897704,0.1527000069618225,0.15080000460147858,0.13940000534057614,0.1430000066757202,0.1517000049352646,0.17710000276565552,0.1445000022649765,0.10939999669790268,0.08129999786615373,0.04639999940991402,0.16200000047683716,0.1363999992609024,0.1037999987602234,0.10019999742507936,0.07349999994039537,0.18140000104904172,0.1379999965429306,0.1168000027537346,0.10279999673366548,0.08009999990463257,0.09920000284910202,0.06480000168085097,0.04800000041723251,0.045400001108646386,0.03880000114440918,0.08110000193119049,0.08560000360012054,0.11940000206232072,0.06889999657869339,0.09709999710321426,0.09629999846220016,0.059099998325109475,0.04179999977350235,0.03060000017285347,0.024700000882148743,0.17299999296665192,0.16769999265670776,0.16660000383853912,0.15970000624656674,0.15399999916553495,0.15129999816417694,0.1251000016927719,0.10580000281333923,0.10599999874830246,0.0925000011920929,0.1875,0.1858000010251999,0.17970000207424164,0.17759999632835388,0.164900004863739,0.14090000092983246,0.12399999797344208,0.1599999964237213,0.120899997651577,0.09749999642372133,0.1243000030517578,0.08910000324249268,0.05739999935030937,0.04930000007152557,0.04170000180602074,0.1428000032901764,0.10300000011920928,0.12150000035762787,0.12330000102519988,0.10779999941587448,0.15559999644756314,0.11900000274181365,0.1023000031709671,0.1103999987244606,0.07069999724626541,0.1177000030875206,0.07419999688863754,0.06310000270605087,0.04910000041127205,0.03959999978542328,0.14350000023841858,0.13140000402927401,0.11890000104904175,0.1096000000834465,0.10100000351667404,0.8135000020265579,0.8851583327826423
105,augmix,l1_channels,8731804.0,0.295199990272522,0.2910999953746796,0.2791000008583069,0.2619999945163727,0.2213000059127808,0.29100000858306885,0.27709999680519104,0.2160000056028366,0.17499999701976776,0.1251000016927719,0.046199999749660485,0.2899999916553497,0.27959999442100525,0.2621999979019165,0.2458000034093857,0.21040000021457672,0.26330000162124634,0.2621999979019165,0.25699999928474426,0.2524999976158142,0.2483000010251999,0.2829999923706055,0.2475000023841858,0.21310000121593475,0.1729000061750412,0.10909999907016754,0.2538999915122986,0.2152000069618225,0.16899999976158142,0.15960000455379486,0.12099999934434892,0.29030001163482666,0.2614000141620636,0.24539999663829806,0.22599999606609344,0.1956000030040741,0.22020000219345093,0.17910000681877136,0.1396999955177307,0.12700000405311584,0.11810000240802765,0.1993999928236008,0.2071000039577484,0.21819999814033508,0.17720000445842746,0.19429999589920044,0.22370000183582306,0.1712999939918518,0.1421000063419342,0.10760000348091124,0.08990000188350677,0.2698999941349029,0.2597000002861023,0.2549999952316284,0.2531000077724457,0.2459000051021576,0.27469998598098755,0.2522000074386597,0.23240000009536746,0.23409999907016754,0.21230000257492065,0.2874000072479248,0.2793000042438507,0.2772000133991241,0.2655999958515167,0.2653999924659729,0.1868000030517578,0.15970000624656674,0.27810001373291016,0.21930000185966486,0.17499999701976776,0.24660000205039975,0.21649999916553495,0.1687999963760376,0.15080000460147858,0.12700000405311584,0.24660000205039975,0.1888999938964844,0.20180000364780426,0.19429999589920044,0.1688999980688095,0.27619999647140503,0.24240000545978546,0.21860000491142276,0.23409999907016754,0.20200000703334808,0.24570000171661374,0.2034000009298325,0.18649999797344208,0.15870000422000885,0.13600000739097595,0.2676999866962433,0.2538000047206879,0.24230000376701355,0.2307000011205673,0.21739999949932096,0.7089999914169312,0.7829468742323419
105,standard,l1_channels,8731804.0,0.3167000114917755,0.30799999833106995,0.2991999983787537,0.2888000011444092,0.25360000133514404,0.3158000111579895,0.28540000319480896,0.19869999587535855,0.14869999885559082,0.10170000046491624,0.040800001472234726,0.3100999891757965,0.26019999384880066,0.2102999985218048,0.1852000057697296,0.1315000057220459,0.2623000144958496,0.2540999948978424,0.22110000252723694,0.2384999990463257,0.2538000047206879,0.2994000017642975,0.2498999983072281,0.2071000039577484,0.1680999994277954,0.11180000007152556,0.2547999918460846,0.211899995803833,0.15410000085830688,0.14069999754428866,0.09780000150203703,0.30970001220703125,0.20839999616146088,0.17149999737739566,0.1477999985218048,0.11320000141859055,0.15379999577999115,0.09870000183582306,0.07479999959468843,0.06729999929666519,0.05550000071525574,0.13040000200271604,0.14229999482631686,0.1678999960422516,0.11659999936819075,0.14069999754428866,0.1818999946117401,0.11259999871253967,0.07660000026226044,0.041200000792741776,0.028899999335408214,0.27489998936653137,0.24789999425411224,0.2336000055074692,0.22050000727176666,0.20409999787807465,0.2759999930858612,0.24060000479221344,0.2003999948501587,0.20520000159740448,0.1770000010728836,0.31049999594688416,0.3018999993801117,0.2953999936580658,0.2913999855518341,0.25290000438690186,0.218299999833107,0.18860000371932986,0.2888999879360199,0.2222000062465668,0.1720000058412552,0.19750000536441806,0.13899999856948853,0.08950000256299973,0.0729999989271164,0.059099998325109475,0.24220000207424164,0.1607999950647354,0.18440000712871552,0.1816000044345856,0.14399999380111694,0.2696000039577484,0.21469999849796292,0.18299999833106995,0.20229999721050265,0.148499995470047,0.1898999959230423,0.12210000306367876,0.10000000149011612,0.07360000163316728,0.059099998325109475,0.2545999884605408,0.22280000150203705,0.20409999787807465,0.18000000715255735,0.15940000116825104,0.6841999888420105,0.8104479169123806
105,augmix,l1_channels,17561987.0,0.4347000122070313,0.42309999465942383,0.3996999859809876,0.3745999932289124,0.3181999921798706,0.4375999867916107,0.41269999742507935,0.322299987077713,0.250900000333786,0.1648000031709671,0.05570000037550926,0.4345999956130981,0.4158999919891357,0.3856000006198883,0.3524999916553497,0.2804999947547913,0.38530001044273376,0.3887999951839447,0.3722000122070313,0.3483000099658966,0.32269999384880066,0.4268999993801117,0.37070000171661377,0.3215999901294708,0.27059999108314514,0.163100004196167,0.382999986410141,0.3163999915122986,0.2384999990463257,0.2337999939918518,0.1694999933242798,0.4352000057697296,0.382099986076355,0.3474999964237213,0.30820000171661377,0.2353000044822693,0.334199994802475,0.2436999976634979,0.1876000016927719,0.163100004196167,0.14959999918937686,0.24160000681877136,0.2504999935626984,0.2655999958515167,0.2070000022649765,0.2214999943971634,0.3483000099658966,0.2653999924659729,0.21009999513626101,0.14139999449253082,0.10189999639987946,0.40950000286102295,0.3950000107288361,0.3896999955177307,0.3783000111579895,0.3680000007152557,0.3923999965190888,0.3400999903678894,0.29670000076293945,0.2921000123023987,0.25290000438690186,0.41769999265670776,0.3709999918937683,0.35260000824928284,0.249099999666214,0.19429999589920044,0.334199994802475,0.29589998722076416,0.4032999873161316,0.33160001039505005,0.2669000029563904,0.3824000060558319,0.3303999900817871,0.24240000545978546,0.21240000426769254,0.17739999294281006,0.3718999922275543,0.2676999866962433,0.2953000068664551,0.273499995470047,0.22059999406337735,0.4129000008106232,0.3643999993801117,0.31200000643730164,0.3720999956130981,0.31200000643730164,0.3849999904632568,0.3050000071525574,0.2745000123977661,0.2254000008106232,0.19269999861717224,0.3856000006198883,0.3727000057697296,0.34880000352859497,0.32899999618530273,0.29580000042915344,0.5624000132083893,0.69158541803093
105,standard,l1_channels,17561987.0,0.4449000060558319,0.4325000047683716,0.4079999923706055,0.3819000124931336,0.3206999897956848,0.4544000029563904,0.4207000136375427,0.2874000072479248,0.20180000364780426,0.12219999730587006,0.03920000046491623,0.4476000070571899,0.4160000085830689,0.3711999952793121,0.32910001277923584,0.2368000000715256,0.39939999580383295,0.3880000114440918,0.3619000017642975,0.3424000144004822,0.3301999866962433,0.4377000033855438,0.3745999932289124,0.3125999867916107,0.2432000041007996,0.13089999556541446,0.3653999865055084,0.29010000824928284,0.2079000025987625,0.19009999930858607,0.1273999959230423,0.4480000138282776,0.3700000047683716,0.319599986076355,0.2725000083446503,0.19760000705718994,0.2556000053882599,0.15700000524520874,0.10170000046491624,0.08150000125169754,0.06710000336170198,0.20360000431537628,0.21299999952316284,0.24250000715255735,0.1678999960422516,0.2011999934911728,0.23639999330043796,0.12160000205039978,0.07419999688863754,0.042399998754262924,0.02360000088810921,0.4061999917030335,0.3772999942302704,0.3671999871730805,0.3587999939918518,0.34049999713897705,0.40070000290870667,0.3456000089645386,0.2962000072002411,0.28949999809265137,0.24879999458789825,0.4375999867916107,0.4117000102996826,0.3996999859809876,0.3400999903678894,0.2535000145435333,0.314300000667572,0.2614000141620636,0.419299989938736,0.3310999870300293,0.2558000087738037,0.3251000046730041,0.24469999969005585,0.1370999962091446,0.10899999737739564,0.07909999787807465,0.3714999854564667,0.2651999890804291,0.29809999465942383,0.2777999937534332,0.22679999470710754,0.40400001406669617,0.3337000012397766,0.28929999470710754,0.3131000101566315,0.22139999270439148,0.3249000012874603,0.2102999985218048,0.16990000009536746,0.11240000277757643,0.08330000191926956,0.3740000128746033,0.35929998755455017,0.33000001311302185,0.3125,0.2813999950885773,0.5455999970436096,0.7195583332019548
105,augmix,l1_channels,35190225.0,0.6187000274658203,0.6100999712944031,0.5928999781608582,0.5709999799728394,0.5159999728202821,0.6195999979972839,0.607699990272522,0.5437999963760376,0.4765999913215637,0.3736000061035156,0.13439999520778656,0.6183000206947327,0.6068000197410583,0.5853999853134155,0.555899977684021,0.4833999872207642,0.5590999722480774,0.5672000050544739,0.5620999932289124,0.5194000005722046,0.4636000096797943,0.614300012588501,0.5691999793052673,0.5274999737739563,0.4507000148296356,0.2854999899864197,0.5697000026702881,0.5108000040054321,0.4142999947071075,0.4005999863147736,0.3264999985694885,0.6187999844551086,0.5831999778747559,0.5562999844551086,0.517799973487854,0.4359999895095825,0.4961999952793121,0.38989999890327454,0.3061000108718872,0.2759999930858612,0.25699999928474426,0.3411000072956085,0.356799989938736,0.37299999594688416,0.2795000076293945,0.2888000011444092,0.5314000248908997,0.4338000118732453,0.3619000017642975,0.2524000108242035,0.1879999935626984,0.5637000203132629,0.5388000011444092,0.5299999713897705,0.5156999826431274,0.4986000061035156,0.5817000269889832,0.5321999788284302,0.4709999859333038,0.4718999862670898,0.4128000140190125,0.6044999957084656,0.5774000287055969,0.5597000122070312,0.4776999950408936,0.34540000557899475,0.4988000094890594,0.43230000138282776,0.5824999809265137,0.4991999864578247,0.41909998655319214,0.5580999851226807,0.499099999666214,0.37940001487731934,0.3409999907016754,0.28940001130104065,0.5727999806404114,0.4745000004768372,0.4826000034809113,0.4577000141143799,0.4205000102519989,0.5946999788284302,0.535099983215332,0.4677999913692474,0.5478000044822693,0.4715000092983246,0.557699978351593,0.4803999960422516,0.438400000333786,0.35899999737739563,0.310699999332428,0.5778999924659729,0.5681999921798706,0.5443999767303467,0.5191000103950499,0.4722999930381775,0.38040000200271606,0.5236270866977673
105,standard,l1_channels,35190225.0,0.6172999739646912,0.6111000180244446,0.5960000157356262,0.5720000267028809,0.5091999769210815,0.617900013923645,0.5978999733924866,0.4756999909877777,0.3720999956130981,0.2396000027656555,0.06300000101327896,0.61080002784729,0.5773000121116638,0.5041000247001648,0.4377000033855438,0.29679998755455017,0.5307000279426575,0.5284000039100647,0.4860000014305115,0.4465999901294708,0.4101000130176544,0.6079999804496765,0.5580000281333923,0.4988999962806702,0.4047999978065491,0.2248000055551529,0.5343000292778015,0.4440999925136566,0.3318000137805939,0.31119999289512634,0.2263000011444092,0.6114000082015991,0.5026000142097473,0.4244000017642975,0.3580000102519989,0.25180000066757197,0.3639999926090241,0.219200000166893,0.14090000092983246,0.11410000175237656,0.09769999980926514,0.1956000030040741,0.21199999749660486,0.2524999976158142,0.1437000036239624,0.18719999492168427,0.37929999828338623,0.2152000069618225,0.13289999961853027,0.07029999792575836,0.045800000429153435,0.5242000222206116,0.4778000116348266,0.4634999930858612,0.4476000070571899,0.4181999862194061,0.5457999706268309,0.4679000079631805,0.3858999907970429,0.3941000103950501,0.3292999863624573,0.6010000109672546,0.5723000168800354,0.5584999918937683,0.4756999909877777,0.3328999876976013,0.4697000086307526,0.38609999418258667,0.5878000259399414,0.5016000270843506,0.4049000144004822,0.4593000113964081,0.3531999886035919,0.193000003695488,0.1527000069618225,0.11029999703168868,0.5099999904632568,0.3693000078201294,0.4077999889850617,0.4016000032424927,0.34599998593330383,0.5597000122070312,0.4476000070571899,0.3831999897956848,0.4262999892234802,0.2888000011444092,0.4605000019073486,0.3086999952793121,0.24469999969005585,0.16140000522136688,0.1136000007390976,0.5134000182151794,0.4842999875545502,0.4458000063896179,0.4056000113487244,0.3585000038146973,0.382099986076355,0.6102999977301806
105,augmix,l1_channels,70321015.0,0.6916999816894531,0.6845999956130981,0.6718999743461609,0.6575999855995178,0.6050000190734863,0.6919999718666077,0.6802999973297119,0.6277999877929688,0.5748999714851379,0.4912000000476837,0.22849999368190765,0.6887999773025513,0.6791999936103821,0.6614000201225281,0.6348000168800354,0.555899977684021,0.6291999816894531,0.6413000226020813,0.6283000111579895,0.5744000077247621,0.5128999948501587,0.6827999949455261,0.6399000287055969,0.5828999876976013,0.5020999908447266,0.3163999915122986,0.6496999859809875,0.602400004863739,0.5216000080108643,0.5131000280380249,0.4311000108718872,0.6884999871253967,0.660099983215332,0.6341999769210815,0.5999000072479248,0.5152000188827515,0.6068999767303467,0.505299985408783,0.4086999893188477,0.3684999942779541,0.3310999870300293,0.3998000025749207,0.4061999917030335,0.4291999936103821,0.30399999022483826,0.3181000053882599,0.6180999875068665,0.5388000011444092,0.45480000972747797,0.3061999976634979,0.1956000030040741,0.6371999979019165,0.6067000031471252,0.5924000144004822,0.5813000202178955,0.5679000020027161,0.6570000052452087,0.6169999837875366,0.5590000152587891,0.5601000189781189,0.4995000064373016,0.680899977684021,0.6590999960899353,0.645799994468689,0.5834000110626221,0.4659999907016754,0.5735999941825867,0.5006999969482422,0.664900004863739,0.597599983215332,0.5260000228881836,0.6478000283241272,0.6062999963760376,0.4948000013828278,0.4548999965190888,0.3777999877929688,0.6409000158309937,0.557699978351593,0.5501999855041504,0.5231999754905701,0.5037000179290771,0.6717000007629395,0.6126000285148621,0.5394999980926514,0.6162999868392944,0.5435000061988831,0.652999997138977,0.590499997138977,0.5508000254631042,0.4747999906539917,0.4056999981403351,0.6510000228881836,0.6438000202178955,0.6276999711990356,0.6022999882698059,0.5586000084877014,0.30800002813339233,0.4435614597362777
105,standard,l1_channels,70321015.0,0.6751999855041504,0.6615999937057495,0.6438000202178955,0.6176999807357788,0.5490000247955322,0.679099977016449,0.6568999886512756,0.5566999912261963,0.4729999899864197,0.3416999876499176,0.11819999665021895,0.6728000044822693,0.6254000067710876,0.5473999977111816,0.465499997138977,0.3061999976634979,0.5785999894142151,0.5823000073432922,0.5275999903678894,0.4837000072002411,0.4510000050067902,0.6668000221252441,0.6100999712944031,0.5552999973297119,0.4652000069618225,0.26649999618530273,0.6032000184059143,0.5206999778747559,0.41040000319480896,0.3984000086784363,0.3086000084877014,0.6728000044822693,0.5439000129699707,0.4603999853134155,0.3783000111579895,0.2549000084400177,0.4652999937534332,0.3012999892234802,0.1941000074148178,0.15620000660419464,0.12790000438690186,0.24629999697208405,0.2594000101089477,0.3174999952316284,0.1817999929189682,0.2294999957084656,0.42309999465942383,0.2492000013589859,0.15139999985694885,0.06849999725818634,0.04419999942183495,0.5929999947547913,0.5476999878883362,0.5281000137329102,0.508899986743927,0.4823000133037567,0.5976999998092651,0.5066999793052673,0.42680001258850103,0.42399999499320973,0.3504000008106232,0.6611999869346619,0.635699987411499,0.6179999709129333,0.5461000204086304,0.4120999872684479,0.5202000141143799,0.4350999891757965,0.6424000263214111,0.5475999712944031,0.4453000128269196,0.5512999892234802,0.4433000087738037,0.25690001249313354,0.2029000073671341,0.13920000195503235,0.5781999826431274,0.4422000050544739,0.4704999923706055,0.4490000009536743,0.40400001406669617,0.6126000285148621,0.5102000236511229,0.4402999877929688,0.4693999886512756,0.3285999894142151,0.5508999824523926,0.3908999860286713,0.3228999972343445,0.21369999647140506,0.13850000500679016,0.5561000108718872,0.5236999988555908,0.4722999930381775,0.4309999942779541,0.3700000047683716,0.320900022983551,0.5578906259421881
105,augmix,layer_weight,4351797.0,0.5412999987602234,0.5266000032424927,0.5055999755859375,0.4790000021457672,0.40860000252723694,0.5425999760627747,0.5146999955177307,0.4086999893188477,0.3233000040054321,0.21469999849796292,0.05469999834895134,0.5412999987602234,0.5271000266075134,0.5055999755859375,0.4769000113010407,0.4138999879360199,0.4864000082015991,0.4923000037670136,0.4821000099182129,0.4754000008106232,0.4702999889850617,0.5235000252723694,0.4508000016212464,0.3783000111579895,0.29760000109672546,0.1665000021457672,0.4936999976634979,0.4266000092029572,0.3617999851703644,0.3585000038146973,0.30079999566078186,0.5407000184059143,0.5023000240325928,0.472900003194809,0.4420000016689301,0.3783000111579895,0.3935999870300293,0.3084999918937683,0.2468000054359436,0.22190000116825104,0.20409999787807465,0.4401000142097473,0.4503999948501587,0.4609000086784363,0.3930999934673309,0.4045999944210053,0.3968999981880188,0.2700000107288361,0.18449999392032626,0.11259999871253967,0.07509999722242355,0.5216000080108643,0.5048999786376953,0.4970000088214874,0.4930999875068665,0.4871000051498413,0.520799994468689,0.494700014591217,0.4546999931335449,0.4566999971866608,0.4169000089168549,0.5371999740600586,0.5309000015258789,0.5238999724388123,0.5059999823570251,0.4794000089168549,0.391400009393692,0.32589998841285706,0.5091999769210815,0.4234000146389008,0.3440000116825104,0.4643999934196472,0.4025000035762787,0.3107999861240387,0.2795000076293945,0.2433000057935715,0.5138000249862671,0.4512999951839447,0.4379999935626984,0.39890000224113453,0.3569000065326691,0.5241000056266785,0.48269999027252203,0.4413999915122986,0.4697000086307526,0.4004999995231629,0.4693000018596649,0.39849999547004705,0.3619000017642975,0.3075999915599823,0.2615000009536743,0.5016999840736389,0.4948999881744385,0.4819999933242798,0.4650000035762787,0.439300000667572,0.45740002393722534,0.5851375005440786
105,standard,layer_weight,4351797.0,0.5727999806404114,0.5601000189781189,0.5386999845504761,0.5062999725341797,0.42809998989105225,0.5740000009536743,0.5422000288963318,0.3892000019550324,0.27869999408721924,0.16869999468326569,0.04749999940395355,0.5680000185966492,0.5358999967575073,0.4909999966621399,0.4386000037193297,0.3305999934673309,0.5062000155448914,0.5067999958992004,0.4783999919891357,0.4535999894142151,0.4325999915599823,0.5598999857902527,0.4857999980449677,0.4025999903678894,0.3014000058174133,0.163100004196167,0.515500009059906,0.4447999894618988,0.3497999906539917,0.336899995803833,0.26330000162124634,0.5679000020027161,0.4873999953269959,0.4341000020503998,0.3815000057220459,0.2845999896526337,0.3544000089168549,0.2126999944448471,0.13120000064373016,0.10350000113248824,0.0868000015616417,0.3833000063896179,0.3964999914169312,0.4296999871730805,0.30309998989105225,0.3353999853134155,0.29510000348091125,0.14900000393390656,0.10000000149011612,0.052700001746416085,0.036299999803304665,0.527400016784668,0.5091000199317932,0.501800000667572,0.487199991941452,0.4772999882698059,0.5306000113487244,0.4690999984741211,0.40400001406669617,0.4023000001907349,0.34150001406669617,0.5687999725341797,0.5576000213623047,0.550000011920929,0.5250999927520752,0.4871000051498413,0.4277999997138977,0.3637000024318695,0.5404000282287598,0.4553999900817871,0.3659000098705292,0.4241999983787537,0.3257000148296356,0.1768999993801117,0.13920000195503235,0.09870000183582306,0.5232999920845032,0.4375,0.428600013256073,0.3986999988555908,0.3616000115871429,0.5508000254631042,0.5004000067710876,0.4429999887943268,0.4499000012874603,0.3476000130176544,0.4273999929428101,0.2867000102996826,0.23240000009536746,0.14869999885559082,0.10639999806880952,0.5026000142097473,0.4851000010967255,0.4550999999046326,0.4289000034332275,0.3858999907970429,0.4259999990463257,0.6119406242699672
105,augmix,layer_weight,8731804.0,0.6593000292778015,0.651199996471405,0.6384000182151794,0.6207000017166138,0.5590999722480774,0.6626999974250793,0.6510999798774719,0.5776000022888184,0.5142999887466431,0.40209999680519104,0.15129999816417694,0.6604999899864197,0.6464999914169312,0.6233000159263611,0.6001999974250793,0.5228999853134155,0.5993999838829039,0.6096000075340271,0.5982000231742859,0.5586000084877014,0.5216000080108643,0.6546000242233276,0.6037999987602234,0.5404999852180481,0.44589999318122864,0.2653999924659729,0.6243000030517578,0.5685999989509583,0.4923000037670136,0.4921000003814697,0.4212000072002411,0.660099983215332,0.6223999857902527,0.5982999801635742,0.5658000111579895,0.4819999933242798,0.5256000161170961,0.4092999994754791,0.32409998774528503,0.294299989938736,0.2617000043392181,0.4546000063419342,0.4625000059604645,0.4810999929904938,0.3513999879360199,0.3659000098705292,0.5296999812126161,0.3896999955177307,0.2813000082969665,0.16920000314712524,0.1097000017762184,0.6291999816894531,0.6065999865531921,0.5996999740600586,0.586899995803833,0.571399986743927,0.6287999749183655,0.5942999720573425,0.541700005531311,0.5435000061988831,0.4873999953269959,0.654699981212616,0.6399000287055969,0.6259999871253967,0.5799999833106995,0.4943000078201294,0.5357000231742859,0.4648999869823456,0.6331999897956848,0.5634999871253967,0.4912000000476837,0.5845000147819519,0.5170000195503235,0.3962000012397766,0.35839998722076416,0.30180001258850103,0.6172999739646912,0.5364000201225281,0.5343000292778015,0.4918999969959259,0.4625000059604645,0.638700008392334,0.59579998254776,0.5309000015258789,0.5813000202178955,0.5002999901771545,0.5874000191688538,0.5019999742507935,0.4582000076770783,0.3862000107765198,0.3221000134944916,0.6177999973297119,0.6176000237464905,0.6014999747276306,0.5791000127792358,0.5411000251770021,0.33730000257492065,0.4811541674813876
105,standard,layer_weight,8731804.0,0.6473000049591064,0.6292999982833862,0.6060000061988831,0.5756999850273132,0.4921000003814697,0.6474000215530396,0.6200000047683716,0.497299998998642,0.391400009393692,0.25180000066757197,0.07249999791383742,0.6417999863624573,0.6047999858856201,0.5367000102996826,0.4641000032424927,0.3310000002384186,0.5633999705314636,0.5616999864578247,0.5270000100135803,0.4943999946117401,0.4823000133037567,0.631600022315979,0.5701000094413757,0.5011000037193298,0.4065000116825104,0.2377000004053116,0.5771999955177307,0.5095000267028809,0.4147999882698059,0.40860000252723694,0.329800009727478,0.641700029373169,0.5350000262260437,0.4578999876976013,0.3912999927997589,0.2842000126838684,0.3736999928951264,0.20010000467300412,0.1186000034213066,0.08879999816417694,0.0731000006198883,0.3388000130653381,0.36000001430511475,0.4090000092983246,0.2522999942302704,0.30820000171661377,0.2815999984741211,0.12319999933242798,0.07020000368356705,0.042399998754262924,0.030099999159574512,0.5861999988555908,0.5468000173568726,0.5368999838829039,0.5163000226020813,0.4991999864578247,0.569599986076355,0.4830000102519989,0.41260001063346863,0.4158999919891357,0.3495999872684479,0.6349999904632568,0.617900013923645,0.6087999939918518,0.5730000138282776,0.513700008392334,0.4941000044345856,0.4104999899864197,0.6111999750137329,0.5069000124931335,0.4020000100135803,0.4821000099182129,0.3492000102996826,0.16259999573230746,0.12129999697208405,0.08049999922513963,0.5776000022888184,0.4695000052452088,0.4740000069141388,0.4438999891281128,0.3955000042915344,0.6043999791145325,0.5196999907493591,0.4657000005245209,0.486299991607666,0.3495999872684479,0.4810000061988831,0.29260000586509705,0.2207999974489212,0.1274999976158142,0.08110000193119049,0.5514000058174133,0.5216000080108643,0.4814999997615814,0.44589999318122864,0.3948000073432921,0.35259997844696045,0.5783916652047385
105,augmix,layer_weight,17561987.0,0.6949999928474426,0.6848999857902527,0.6740000247955322,0.6589999794960022,0.6054999828338623,0.6974999904632568,0.6855000257492065,0.6288999915122986,0.5734000205993652,0.4821999967098236,0.2035000026226044,0.6948000192642212,0.6808000206947327,0.660099983215332,0.6348999738693237,0.5608999729156494,0.6308000087738037,0.6425999999046326,0.6299999952316284,0.5861999988555908,0.5288000106811523,0.6872000098228455,0.6366999745368958,0.5838000178337097,0.4932999908924103,0.30000001192092896,0.6556000113487244,0.6065000295639038,0.5353000164031982,0.5224000215530396,0.4544000029563904,0.6951000094413757,0.6589999794960022,0.6316999793052673,0.5997999906539917,0.5189999938011169,0.5960999727249146,0.494700014591217,0.3995000123977661,0.3578999936580658,0.3212000131607056,0.4539999961853027,0.4656000137329102,0.4814000129699707,0.3467000126838684,0.36570000648498535,0.5709999799728394,0.4526999890804291,0.3614000082015991,0.243599995970726,0.1671999990940094,0.6510000228881836,0.6219000220298767,0.6118000149726868,0.5934000015258789,0.5785999894142151,0.6603999733924866,0.6216999888420105,0.571399986743927,0.5734000205993652,0.5166000127792358,0.6847000122070312,0.6721000075340271,0.6560999751091003,0.6035000085830688,0.5187000036239624,0.5674999952316284,0.4860999882221222,0.6807000041007996,0.6129000186920166,0.5450999736785889,0.6437000036239624,0.59579998254776,0.48269999027252203,0.4370999932289124,0.3682000041007996,0.651199996471405,0.5748999714851379,0.5595999956130981,0.5264999866485596,0.4981000125408173,0.6735000014305115,0.6187000274658203,0.5521000027656555,0.6165000200271606,0.5457000136375427,0.6484000086784363,0.579800009727478,0.5406000018119812,0.4665000140666962,0.39660000801086426,0.6556000113487244,0.6481999754905701,0.6304000020027161,0.6065000295639038,0.5647000074386597,0.30250000953674316,0.44159374867255485
105,standard,layer_weight,17561987.0,0.6822999715805054,0.6714000105857849,0.6532999873161316,0.6256999969482422,0.5501999855041504,0.6858000159263611,0.6597999930381775,0.5508000254631042,0.4471000134944916,0.3118000030517578,0.09160000085830687,0.6771000027656555,0.6412000060081482,0.574999988079071,0.496399998664856,0.3501999974250793,0.6011000275611877,0.5996000170707703,0.5612000226974487,0.5267999768257141,0.4973999857902527,0.6686999797821045,0.616599977016449,0.5483999848365784,0.4638999998569489,0.2750000059604645,0.6287000179290771,0.5496000051498413,0.44999998807907104,0.436599999666214,0.3607000112533569,0.6769999861717224,0.5720000267028809,0.4939999878406525,0.41760000586509705,0.2928000092506409,0.4433999955654144,0.25450000166893005,0.15449999272823334,0.119999997317791,0.09759999811649324,0.3156000077724457,0.3251999914646149,0.3826000094413757,0.22830000519752505,0.2750999927520752,0.3637000024318695,0.17669999599456787,0.09839999675750732,0.05209999904036522,0.035100001841783524,0.6195999979972839,0.5756999850273132,0.5598000288009644,0.542900025844574,0.5159999728202821,0.6118999719619751,0.5320000052452087,0.4566000103950501,0.4575999975204468,0.3862999975681305,0.6747999787330627,0.6485999822616577,0.6407999992370605,0.5924999713897705,0.4815999865531922,0.5440999865531921,0.4523999989032746,0.6531000137329102,0.5727000236511229,0.4675000011920929,0.5508999824523926,0.4226000010967255,0.21539999544620514,0.16269999742507935,0.1080000028014183,0.6062999963760376,0.4896999895572662,0.496399998664856,0.4726000130176544,0.4300000071525574,0.6347000002861023,0.5511000156402588,0.4778000116348266,0.4898000061511994,0.34119999408721924,0.5450000166893005,0.3587999939918518,0.28029999136924744,0.16590000689029696,0.10610000044107436,0.5878999829292297,0.5586000084877014,0.5177000164985657,0.4695000052452088,0.4117000102996826,0.3141999840736389,0.545131250207002
105,augmix,layer_weight,35190225.0,0.7093999981880188,0.7059999704360962,0.6916000247001648,0.6736999750137329,0.6225000023841858,0.7113000154495239,0.7009000182151794,0.6550999879837036,0.6111000180244446,0.5368999838829039,0.27549999952316284,0.7081999778747559,0.7016000151634216,0.682699978351593,0.6610999703407288,0.5927000045776367,0.654699981212616,0.6632999777793884,0.6524999737739563,0.5978999733924866,0.5368000268936157,0.6990000009536743,0.6635000109672546,0.6071000099182129,0.5299000144004822,0.33399999141693115,0.6704000234603882,0.6273000240325928,0.5583000183105469,0.5475000143051147,0.4756999909877777,0.7082999944686891,0.682699978351593,0.6617000102996826,0.630299985408783,0.5514000058174133,0.6384000182151794,0.5667999982833862,0.487199991941452,0.439300000667572,0.40950000286102295,0.4451000094413757,0.4591000080108642,0.4762000143527985,0.34220001101493835,0.36000001430511475,0.6359000205993652,0.5490999817848206,0.4727999866008759,0.3352000117301941,0.2387000024318695,0.6567999720573425,0.6305000185966492,0.6169000267982483,0.6029999852180481,0.5827000141143799,0.6815000176429749,0.6434999704360962,0.5900999903678894,0.5932999849319458,0.5378999710083008,0.7009999752044678,0.6823999881744385,0.6714000105857849,0.6154000163078308,0.513700008392334,0.593999981880188,0.5163000226020813,0.6894999742507935,0.6308000087738037,0.5705000162124634,0.6726999878883362,0.6398000121116638,0.5486999750137329,0.5105999708175659,0.4449000060558319,0.666700005531311,0.5877000093460083,0.580299973487854,0.5437999963760376,0.5202000141143799,0.6854000091552734,0.6370000243186951,0.5720000267028809,0.6373999714851379,0.5662000179290771,0.6762999892234802,0.6291999816894531,0.5971999764442444,0.5318999886512756,0.459199994802475,0.6757000088691711,0.670199990272522,0.656000018119812,0.630299985408783,0.5916000008583069,0.2886999845504761,0.4124968759715557
105,standard,layer_weight,35190225.0,0.698199987411499,0.6906999945640564,0.6704000234603882,0.6456999778747559,0.5788999795913696,0.7006999850273132,0.6783000230789185,0.5842000246047974,0.4948000013828278,0.3569999933242798,0.11490000039339066,0.6945000290870667,0.6581000089645386,0.5867999792098999,0.5049999952316284,0.34880000352859497,0.6195999979972839,0.616100013256073,0.5738000273704529,0.5422999858856201,0.5002999901771545,0.6866000294685364,0.642799973487854,0.5799999833106995,0.4986000061035156,0.2987000048160553,0.6378999948501587,0.5611000061035156,0.4634000062942505,0.448500007390976,0.3635999858379364,0.6958000063896179,0.5839999914169312,0.4984999895095825,0.4212999939918518,0.29809999465942383,0.4972000122070313,0.3109000027179718,0.19599999487400052,0.1542000025510788,0.119999997317791,0.2741999924182892,0.28600001335144043,0.35089999437332153,0.193000003695488,0.2475000023841858,0.4180000126361847,0.22200000286102292,0.13650000095367432,0.06700000166893005,0.03579999879002571,0.6281999945640564,0.5776000022888184,0.5601999759674072,0.5393999814987183,0.5130000114440918,0.6344000101089478,0.5547000169754028,0.4733999967575073,0.4715999960899353,0.4043999910354614,0.6862999796867371,0.6647999882698059,0.6488999724388123,0.5942999720573425,0.4686000049114227,0.5586000084877014,0.4717000126838684,0.6718000173568726,0.5913000106811523,0.492900013923645,0.5889999866485596,0.4729999899864197,0.2660000026226044,0.20270000398159027,0.12759999930858612,0.6134999990463257,0.4848999977111816,0.5121999979019165,0.4896999895572662,0.43869999051094055,0.6395999789237976,0.5411000251770021,0.4736999869346618,0.499099999666214,0.3499000072479248,0.5866000056266785,0.4128000140190125,0.3325999975204468,0.20229999721050265,0.11919999867677687,0.6011000275611877,0.5669999718666077,0.5213999748229979,0.4767000079154968,0.4189999997615814,0.29930001497268677,0.5292427090074245
105,augmix,layer_weight,70321015.0,0.7174000144004822,0.7111999988555908,0.6977999806404114,0.6805999875068665,0.6345999836921692,0.7193999886512756,0.7111999988555908,0.6644999980926514,0.6254000067710876,0.5519999861717224,0.2921999990940094,0.7167999744415283,0.7070000171661377,0.6908000111579895,0.6639999747276306,0.5947999954223633,0.6624000072479248,0.6686000227928162,0.6557000279426575,0.607699990272522,0.5351999998092651,0.7098000049591064,0.6754999756813049,0.6243000030517578,0.5404999852180481,0.3472999930381775,0.6771000027656555,0.6294999718666077,0.5630999803543091,0.5503000020980835,0.4842000007629394,0.7164999842643738,0.6899999976158142,0.6650999784469604,0.6347000002861023,0.5586000084877014,0.65420001745224,0.5864999890327454,0.5102999806404114,0.4691999852657318,0.43549999594688416,0.4532000124454498,0.46189999580383295,0.4808000028133392,0.35420000553131104,0.3668999969959259,0.6471999883651733,0.5698999762535095,0.4905000030994415,0.3440000116825104,0.2393999993801117,0.6661999821662903,0.6362000107765198,0.6204000115394592,0.6093000173568726,0.5863000154495239,0.6862999796867371,0.6510000228881836,0.5993999838829039,0.5982999801635742,0.5430999994277954,0.7042999863624573,0.6887999773025513,0.6815000176429749,0.6177999973297119,0.5090000033378601,0.6029000282287598,0.5199999809265137,0.6944000124931335,0.6407999992370605,0.5806000232696533,0.6815999746322632,0.6525999903678894,0.5752000212669373,0.5361999869346619,0.4819999933242798,0.6725000143051147,0.5960999727249146,0.5892999768257141,0.5515000224113464,0.5291000008583069,0.6916000247001648,0.6496000289916992,0.5827000141143799,0.6498000025749207,0.5824999809265137,0.6886000037193298,0.6395999789237976,0.6164000034332275,0.5519000291824341,0.4916000068187714,0.6807000041007996,0.6784999966621399,0.6589999794960022,0.6391000151634216,0.5978000164031982,0.28060001134872437,0.4026916678994894
105,standard,layer_weight,70321015.0,0.7026000022888184,0.6929000020027161,0.6741999983787537,0.6478000283241272,0.5753999948501587,0.7081000208854675,0.682200014591217,0.5809000134468079,0.4943999946117401,0.3547999858856201,0.11219999939203262,0.70169997215271,0.6660000085830688,0.5963000059127808,0.512499988079071,0.3492999970912933,0.6248999834060669,0.6261000037193298,0.5871000289916992,0.5471000075340271,0.508899986743927,0.6927000284194946,0.6446999907493591,0.5864999890327454,0.4988999962806702,0.2987000048160553,0.6384000182151794,0.5547000169754028,0.4521999955177307,0.4361999928951264,0.3506999909877777,0.7014999985694885,0.592199981212616,0.5073999762535095,0.423799991607666,0.29589998722076416,0.5156000256538391,0.3296999931335449,0.20479999482631686,0.16099999845027926,0.1264999955892563,0.2671999931335449,0.2800000011920929,0.34689998626708984,0.1889999955892563,0.2427999973297119,0.4388999938964844,0.24130000174045566,0.14830000698566434,0.06949999928474426,0.03750000149011612,0.6342999935150146,0.5885999798774719,0.5705999732017517,0.5461000204086304,0.5156999826431274,0.6352000236511229,0.5576000213623047,0.4769999980926514,0.4772999882698059,0.4092999994754791,0.6955999732017517,0.6678000092506409,0.6567999720573425,0.5910999774932861,0.464599996805191,0.5726000070571899,0.4803000092506409,0.6761999726295471,0.6003000140190125,0.5004000067710876,0.6033999919891357,0.4912999868392944,0.2750999927520752,0.20890000462532046,0.13410000503063202,0.6194000244140625,0.4878000020980835,0.5162000060081482,0.4930999875068665,0.4415000081062317,0.6455000042915344,0.5446000099182129,0.4769999980926514,0.5145999789237976,0.35089999437332153,0.5932999849319458,0.4280000030994415,0.3454999923706055,0.21240000426769254,0.12939999997615814,0.6064000129699707,0.5763000249862671,0.5311999917030334,0.4835000038146973,0.4241999983787537,0.29189997911453247,0.5242718759303291
105,augmix,random,4351797.0,0.38940000534057617,0.3702000081539154,0.3416000008583069,0.3086000084877014,0.24779999256134036,0.3970000147819519,0.3650999963283539,0.25110000371932983,0.1800999939441681,0.11599999666213988,0.045499999076128006,0.3937999904155731,0.3790999948978424,0.3594000041484833,0.34060001373291016,0.3043000102043152,0.3677000105381012,0.3686000108718872,0.3562999963760376,0.350600004196167,0.3553999960422516,0.378600001335144,0.2946999967098236,0.2213000059127808,0.16220000386238098,0.08510000258684157,0.3440000116825104,0.2957000136375427,0.2407999932765961,0.2476000040769577,0.2044000029563904,0.3932999968528748,0.3580999970436096,0.3400999903678894,0.31779998540878296,0.2813000082969665,0.3257000148296356,0.2626000046730041,0.2012999951839447,0.1826000064611435,0.16580000519752502,0.367000013589859,0.3689999878406525,0.3677999973297119,0.3456000089645386,0.35420000553131104,0.3012999892234802,0.21819999814033508,0.1606999933719635,0.10840000212192537,0.07639999687671661,0.38339999318122864,0.3790999948978424,0.3747000098228455,0.3716000020503998,0.36559998989105225,0.3747000098228455,0.3501999974250793,0.328000009059906,0.32670000195503235,0.30180001258850103,0.3939000070095062,0.3869999945163727,0.38479998707771296,0.3774999976158142,0.3578000068664551,0.2766000032424927,0.23330000042915344,0.366100013256073,0.2861999869346619,0.2353000044822693,0.3569000065326691,0.3210000097751617,0.2458000034093857,0.2184000015258789,0.18050000071525574,0.3781000077724457,0.3328999876976013,0.3278999924659729,0.29159998893737793,0.2433999925851822,0.3903000056743622,0.374099999666214,0.34459999203681946,0.35510000586509705,0.3133000135421753,0.3560999929904938,0.302700012922287,0.27059999108314514,0.22419999539852145,0.1835000067949295,0.3630000054836273,0.3569000065326691,0.3438000082969665,0.3355999886989593,0.3219000101089477,0.6029999852180481,0.6963927069446072
105,standard,random,4351797.0,0.42179998755455017,0.4065000116825104,0.3831000030040741,0.35499998927116394,0.2768999934196472,0.4307999908924103,0.382099986076355,0.2213000059127808,0.14820000529289246,0.0908000022172928,0.031599998474121094,0.4289000034332275,0.3946000039577484,0.34529998898506165,0.29969999194145197,0.2287999987602234,0.3833000063896179,0.3763999938964844,0.34599998593330383,0.34119999408721924,0.34860000014305115,0.40709999203681946,0.3127999901771545,0.2270999997854233,0.1670999974012375,0.08749999850988388,0.3626999855041504,0.29809999465942383,0.22689999639987946,0.22429999709129333,0.16349999606609344,0.42910000681877136,0.3424000144004822,0.29510000348091125,0.25839999318122864,0.19689999520778656,0.21089999377727509,0.12790000438690186,0.08169999718666078,0.0689999982714653,0.05339999869465828,0.2538000047206879,0.2678999900817871,0.322299987077713,0.21250000596046448,0.2587000131607056,0.27959999442100525,0.16940000653266907,0.11069999635219574,0.059599999338388436,0.04010000079870224,0.3982999920845032,0.3896999955177307,0.3842000067234039,0.3781999945640564,0.3734000027179718,0.3815999925136566,0.3321000039577484,0.2870999872684479,0.28610000014305115,0.25189998745918274,0.421999990940094,0.4142000079154968,0.4065000116825104,0.3874000012874603,0.3449000120162964,0.30399999022483826,0.25589999556541443,0.3813999891281128,0.2732999920845032,0.19290000200271606,0.2793000042438507,0.2057999968528748,0.12349999696016313,0.1006999984383583,0.0729999989271164,0.3750999867916107,0.2759999930858612,0.29660001397132874,0.2703000009059906,0.2240000069141388,0.4038000106811523,0.3463999927043915,0.2913999855518341,0.3571000099182129,0.2639999985694885,0.2838000059127808,0.18770000338554385,0.15520000457763672,0.1088000014424324,0.08330000191926956,0.3560999929904938,0.3388000130653381,0.3147000074386597,0.2931999862194061,0.2612000107765198,0.5692000091075897,0.7263302096786599
105,augmix,random,8731804.0,0.4587000012397766,0.4453000128269196,0.4205000102519989,0.3899999856948853,0.31520000100135803,0.4661000072956085,0.4471000134944916,0.33480000495910645,0.2554000020027161,0.164900004863739,0.04529999941587448,0.4659000039100647,0.4532999992370606,0.4329000115394592,0.4083000123500824,0.34769999980926514,0.4341999888420105,0.4284000098705292,0.4212000072002411,0.4117000102996826,0.4054000079631805,0.4526999890804291,0.3871000111103058,0.3147999942302704,0.24560000002384186,0.1289999932050705,0.4106999933719635,0.3425000011920929,0.2709999978542328,0.2671000063419342,0.21709999442100525,0.4659000039100647,0.4307999908924103,0.4025999903678894,0.3743000030517578,0.3156999945640564,0.31139999628067017,0.2325000017881393,0.18549999594688416,0.17069999873638153,0.1597999930381775,0.3743999898433685,0.3864000141620636,0.39230000972747797,0.3449999988079071,0.3522999882698059,0.3504000008106232,0.2531000077724457,0.19760000705718994,0.14000000059604645,0.10899999737739564,0.4487000107765198,0.4433999955654144,0.4370999932289124,0.4336000084877014,0.4248999953269959,0.4431999921798706,0.4135000109672545,0.3761000037193297,0.3774999976158142,0.3440000116825104,0.4618000090122223,0.4458000063896179,0.444599986076355,0.42500001192092896,0.3786999881267548,0.34040001034736633,0.2831000089645386,0.4099000096321106,0.3107999861240387,0.2434999942779541,0.36980000138282776,0.3061999976634979,0.22349999845027926,0.1997999995946884,0.1688999980688095,0.4379000067710877,0.3750999867916107,0.3808000087738037,0.3416999876499176,0.29660001397132874,0.4476000070571899,0.4154999852180481,0.3747999966144562,0.4248000085353851,0.37380000948905945,0.3722000122070313,0.2912000119686127,0.2594000101089477,0.21060000360012052,0.1770000010728836,0.4343999922275543,0.4277999997138977,0.4120000004768372,0.39489999413490295,0.3718999922275543,0.5338999927043915,0.6529854154990364
105,standard,random,8731804.0,0.4589999914169312,0.4451999962329865,0.4241000115871429,0.3930000066757202,0.3116999864578247,0.4656000137329102,0.4154999852180481,0.2578999996185303,0.1753000020980835,0.10570000112056732,0.042500000447034836,0.4575999975204468,0.4129000008106232,0.3560999929904938,0.3095000088214874,0.22499999403953552,0.3964000046253204,0.3908999860286713,0.3547999858856201,0.3438000082969665,0.3512000143527985,0.434799998998642,0.3429000079631805,0.2610999941825867,0.18209999799728396,0.07689999788999557,0.3788000047206879,0.29809999465942383,0.21250000596046448,0.20569999516010284,0.14910000562667847,0.4577000141143799,0.3546999990940094,0.3023000061511993,0.25679999589920044,0.19110000133514404,0.2741999924182892,0.1826999932527542,0.121799997985363,0.10010000318288803,0.08290000259876251,0.2910999953746796,0.3043999969959259,0.3384000062942505,0.2410999983549118,0.2795000076293945,0.3140999972820282,0.18299999833106995,0.1177000030875206,0.06159999966621399,0.03770000115036965,0.4162000119686127,0.4004000127315521,0.3917999863624573,0.38119998574256897,0.373199999332428,0.3921999931335449,0.33649998903274536,0.29019999504089355,0.2903999984264374,0.2594999969005585,0.472900003194809,0.4706999957561493,0.4686000049114227,0.4507000148296356,0.4187000095844269,0.29989999532699585,0.2590000033378601,0.4397000074386597,0.32280001044273376,0.2391999959945679,0.3301999866962433,0.2660000026226044,0.16599999368190765,0.14139999449253082,0.10180000215768814,0.39849999547004705,0.2876999974250793,0.3050999939441681,0.2734000086784363,0.2231999933719635,0.4361999928951264,0.3785000145435333,0.3219999969005585,0.3903999924659729,0.2957000136375427,0.3219999969005585,0.23240000009536746,0.20110000669956207,0.14640000462532046,0.11029999703168868,0.3695000112056732,0.3504999876022339,0.3246999979019165,0.3025000095367432,0.2712999880313873,0.5343999862670898,0.7036541667766869
105,augmix,random,17561987.0,0.5573999881744385,0.5453000068664551,0.5273000001907349,0.5041999816894531,0.43540000915527344,0.5583999752998352,0.5315999984741211,0.4320000112056732,0.3571999967098236,0.2549000084400177,0.0926000028848648,0.551800012588501,0.5311999917030334,0.5001999735832214,0.4656000137329102,0.39489999413490295,0.4912000000476837,0.4963000118732453,0.4812000095844269,0.4616000056266785,0.4390000104904175,0.5392000079154968,0.4733000099658966,0.4061000049114227,0.3303000032901764,0.19670000672340396,0.5221999883651733,0.4677999913692474,0.3944000005722046,0.3885999917984009,0.3242000043392181,0.5516999959945679,0.4979000091552734,0.4625000059604645,0.42719998955726624,0.3540000021457672,0.446399986743927,0.3504000008106232,0.26980000734329224,0.2387000024318695,0.2134000062942505,0.4205999970436096,0.4275999963283539,0.4393999874591827,0.3564999997615814,0.3686999976634979,0.4075999855995178,0.28940001130104065,0.21860000491142276,0.13619999587535858,0.0892999991774559,0.5297999978065491,0.5123999714851379,0.5083000063896179,0.5048000216484071,0.4914999902248383,0.5185999870300293,0.4742999970912933,0.42019999027252203,0.4234000146389008,0.3740000128746033,0.5382000207901001,0.5023999810218811,0.4810000061988831,0.390500009059906,0.2791000008583069,0.4185000061988831,0.3711000084877014,0.5160999894142151,0.42309999465942383,0.3449000120162964,0.5016999840736389,0.449400007724762,0.3513999879360199,0.30730000138282776,0.2522999942302704,0.5267000198364258,0.4422000050544739,0.4374000132083893,0.4034999907016754,0.3643999993801117,0.5375000238418579,0.4984999895095825,0.4490999877452849,0.5030000209808351,0.4422999918460846,0.5023000240325928,0.4336000084877014,0.39890000224113453,0.33640000224113464,0.2784999907016754,0.4961000084877014,0.4923999905586242,0.4724999964237213,0.4553999900817871,0.4205000102519989,0.4416000247001648,0.579234374454245
105,standard,random,17561987.0,0.5314000248908997,0.517799973487854,0.4857999980449677,0.4411999881267548,0.3533999919891357,0.5374000072479248,0.496399998664856,0.3203999996185303,0.22190000116825104,0.1290999948978424,0.042399998754262924,0.5293999910354614,0.4936000108718872,0.4334999918937683,0.3702000081539154,0.2763000130653381,0.4670000076293945,0.4641999900341034,0.4323999881744385,0.419299989938736,0.42809998989105225,0.5148000121116638,0.4287000000476837,0.3443000018596649,0.2694000005722046,0.1573999971151352,0.4560999870300293,0.3785000145435333,0.28859999775886536,0.2833000123500824,0.2176000028848648,0.5297999978065491,0.4300999939441681,0.3659999966621399,0.31450000405311584,0.23510000109672546,0.2551000118255615,0.12860000133514404,0.07180000096559525,0.05510000139474869,0.04399999976158142,0.32670000195503235,0.34150001406669617,0.3982000052928925,0.2617999911308289,0.3064000010490417,0.2782000005245209,0.14259999990463254,0.07559999823570251,0.026599999517202374,0.015799999237060547,0.4952000081539154,0.4731000065803528,0.4652999937534332,0.4541000127792358,0.4379000067710877,0.4659999907016754,0.39809998869895935,0.3411000072956085,0.3424000144004822,0.295199990272522,0.5192000269889832,0.5022000074386597,0.4898999929428101,0.43959999084472656,0.3540000021457672,0.3792000114917755,0.3206000030040741,0.4905999898910522,0.3671000003814697,0.2630999982357025,0.3578999936580658,0.2449000030755997,0.1168999969959259,0.08959999680519104,0.0584000013768673,0.4772000014781952,0.3607000112533569,0.3795000016689301,0.3391999900341034,0.27970001101493835,0.5038999915122986,0.4309000074863434,0.35760000348091125,0.4316000044345856,0.3310999870300293,0.3565999865531921,0.21040000021457672,0.15680000185966492,0.096500001847744,0.06570000201463701,0.4532999992370606,0.42680001258850103,0.3930000066757202,0.3630999922752381,0.3212999999523163,0.4625999927520752,0.6642718744697049
105,augmix,random,35190225.0,0.6662999987602234,0.6575999855995178,0.6399000287055969,0.6219000220298767,0.5543000102043152,0.6675000190734863,0.6538000106811523,0.5863999724388123,0.5256000161170961,0.4241999983787537,0.1647000014781952,0.6650000214576721,0.6503999829292297,0.6272000074386597,0.6003999710083008,0.5289000272750854,0.6014999747276306,0.6121000051498413,0.5982000231742859,0.5597000122070312,0.5202999711036682,0.6571999788284302,0.6086999773979187,0.5455999970436096,0.4523999989032746,0.2736000120639801,0.625,0.5708000063896179,0.4943999946117401,0.491100013256073,0.41999998688697815,0.6642000079154968,0.6274999976158142,0.6011000275611877,0.5684000253677368,0.4941000044345856,0.5562000274658203,0.4625000059604645,0.3808999955654144,0.3474000096321106,0.3169000148773193,0.4352999925613403,0.4483999907970429,0.4629999995231629,0.35190001130104065,0.358599990606308,0.536300003528595,0.40709999203681946,0.3235999941825867,0.1940000057220459,0.1184000000357628,0.6258999705314636,0.6017000079154968,0.5899999737739563,0.5752999782562256,0.5619000196456909,0.6304000020027161,0.5889000296592712,0.5357000231742859,0.5353000164031982,0.4837000072002411,0.6553999781608582,0.6340000033378601,0.6216999888420105,0.5730000138282776,0.4763999879360199,0.5297999978065491,0.4641000032424927,0.6394000053405762,0.5638999938964844,0.4769000113010407,0.6087999939918518,0.5651000142097473,0.4566000103950501,0.4165999889373779,0.3587999939918518,0.6237999796867371,0.5491999983787537,0.5360999703407288,0.4988999962806702,0.4672000110149384,0.6399000287055969,0.5964999794960022,0.5360999703407288,0.5860999822616577,0.5181999802589417,0.6158000230789185,0.5497000217437744,0.5078999996185303,0.4404999911785126,0.3772999942302704,0.6294000148773193,0.6218000054359436,0.6033999919891357,0.5789999961853027,0.5397999882698059,0.33249998092651367,0.47180833271704614
105,standard,random,35190225.0,0.6406999826431274,0.6279000043869019,0.6018000245094299,0.5730000138282776,0.494700014591217,0.645799994468689,0.6189000010490417,0.4869000017642975,0.3824999928474426,0.250900000333786,0.06960000097751617,0.6413999795913696,0.6021999716758728,0.5357000231742859,0.463699996471405,0.3253999948501587,0.5626000165939331,0.5552999973297119,0.5224999785423279,0.4921999871730805,0.4683000147342682,0.6284000277519226,0.5684999823570251,0.5031999945640564,0.4018000066280365,0.219200000166893,0.5719000101089478,0.4930999875068665,0.3808999955654144,0.3833000063896179,0.2992999851703644,0.6414999961853027,0.5311999917030334,0.4578000009059906,0.38530001044273376,0.2728999853134155,0.3998000025749207,0.25609999895095825,0.15729999542236328,0.12129999697208405,0.0948999971151352,0.28610000014305115,0.3023999929428101,0.3522999882698059,0.21449999511241916,0.26089999079704285,0.3508000075817108,0.17239999771118164,0.09350000321865083,0.04479999840259552,0.028300000354647636,0.5927000045776367,0.5526999831199646,0.5382000207901001,0.5289999842643738,0.4957000017166138,0.5672000050544739,0.4961000084877014,0.41909998655319214,0.4178000092506409,0.3499999940395355,0.6306999921798706,0.6083999872207642,0.5945000052452087,0.541700005531311,0.4535999894142151,0.49549999833107,0.42089998722076416,0.6071000099182129,0.4973999857902527,0.3808000087738037,0.4893999993801117,0.3781000077724457,0.21469999849796292,0.1662999987602234,0.11020000278949738,0.557699978351593,0.4334999918937683,0.4526000022888184,0.4226000010967255,0.3716000020503998,0.5928999781608582,0.5005999803543091,0.4320000112056732,0.473800003528595,0.329800009727478,0.4821000099182129,0.32820001244544983,0.2689999938011169,0.16760000586509705,0.11100000143051147,0.5519000291824341,0.5203999876976013,0.4823000133037567,0.4399000108242035,0.3880999982357025,0.35420000553131104,0.5803010423551314
105,augmix,random,70321015.0,0.6894000172615051,0.6837999820709229,0.6668999791145325,0.6452000141143799,0.5921000242233276,0.6915000081062317,0.6765000224113464,0.6194999814033508,0.5674999952316284,0.4751999974250794,0.21089999377727509,0.6881999969482422,0.6751000285148621,0.6556000113487244,0.6255000233650208,0.5527999997138977,0.6309000253677368,0.6355000138282776,0.6223000288009644,0.5843999981880188,0.5317999720573425,0.6769999861717224,0.6366999745368958,0.5724999904632568,0.4914000034332275,0.31130000948905945,0.6486999988555908,0.5989999771118164,0.5260000228881836,0.5202000141143799,0.4478999972343445,0.6880999803543091,0.6549999713897705,0.6244999766349792,0.5903000235557556,0.5108000040054321,0.6219000220298767,0.5540000200271606,0.4785999953746796,0.4440999925136566,0.4088000059127808,0.4612999856472016,0.472000002861023,0.4803999960422516,0.3689999878406525,0.3711999952793121,0.5924000144004822,0.4891999959945679,0.4027999937534332,0.26089999079704285,0.1662999987602234,0.6500999927520752,0.6215999722480774,0.6115999817848206,0.597100019454956,0.5758000016212463,0.654699981212616,0.6121000051498413,0.5616999864578247,0.5594000220298767,0.5034000277519226,0.6811000108718872,0.667900025844574,0.6521000266075134,0.6100999712944031,0.5224999785423279,0.5674999952316284,0.4878000020980835,0.6638000011444092,0.6021000146865845,0.5360999703407288,0.6557000279426575,0.6236000061035156,0.5454000234603882,0.5113000273704529,0.44179999828338623,0.6510000228881836,0.5758000016212463,0.5619999766349792,0.5167999863624573,0.497299998998642,0.6682999730110168,0.6208999752998352,0.5555999875068665,0.6157000064849854,0.5512999892234802,0.6583999991416931,0.612500011920929,0.5871000289916992,0.5220999717712402,0.4523000121116638,0.6489999890327454,0.6460000276565552,0.6305999755859375,0.6057999730110168,0.5629000067710876,0.3084999918937683,0.4348895830723146
0,standard,random,70321015.0,,,,,,,,,,,,,,,,,,,,,,,,,,,,,,,,,,,,,,,,,,,,,,,,,,,,,,,,,,,,,,,,,,,,,,,,,,,,,,,,,,,,,,,,,,,,,,,,,,
